2026-09-25 17:55:38,816 INFO  Logger.cs: 70 - 
--------------------------------------------------------------------------------
2026-09-25 17:55:38,842 INFO  Logger.cs: 71 - Logging commencing for SW2URDF exporter
2026-09-25 17:55:38,842 INFO  Logger.cs: 73 - Commit version 1.6.0-4-g7f85cfe
2026-09-25 17:55:38,842 INFO  Logger.cs: 74 - Build version 1.6.7995.38578
2026-09-25 17:55:38,844 INFO  SwAddin.cs: 192 - Attempting to connect to SW
2026-09-25 17:55:38,846 INFO  SwAddin.cs: 197 - Setting up callbacks
2026-09-25 17:55:38,846 INFO  SwAddin.cs: 201 - Setting up command manager
2026-09-25 17:55:38,848 INFO  SwAddin.cs: 204 - Adding command manager
2026-09-25 17:55:38,850 INFO  SwAddin.cs: 263 - Adding Assembly export to file menu
2026-09-25 17:55:38,850 INFO  SwAddin.cs: 272 - Adding Part export to file menu
2026-09-25 17:55:38,850 INFO  SwAddin.cs: 210 - Adding event handlers
2026-09-25 17:55:38,992 INFO  SwAddin.cs: 217 - Connecting plugin to SolidWorks
2026-09-25 17:56:57,811 INFO  SwAddin.cs: 294 - Assembly export called for file Full Model Assembly (1)
2026-09-25 17:56:57,814 INFO  SwAddin.cs: 299 - Save is required
2026-09-25 17:56:57,814 INFO  SwAddin.cs: 313 - Saving assembly
2026-09-25 17:57:10,920 INFO  SwAddin.cs: 316 - Opening property manager
2026-09-25 17:57:10,934 INFO  ExportHelperExtension.cs: 1125 - Retrieving features of type [CoordSys] from Full Model Assembly (1)
2026-09-25 17:57:10,969 INFO  ExportHelperExtension.cs: 1136 - Found 225 in Full Model Assembly (1)
2026-09-25 17:57:10,969 INFO  ExportHelperExtension.cs: 1145 - Found 1 features of type [CoordSys] in Full Model Assembly (1)
2026-09-25 17:57:10,971 INFO  ExportHelperExtension.cs: 1148 - Proceeding through assembly components
2026-09-25 17:57:10,971 INFO  ExportHelperExtension.cs: 1160 - 44 components to check
2026-09-25 17:57:10,973 INFO  ExportHelperExtension.cs: 1125 - Retrieving features of type [CoordSys] from Mockup2-2
2026-09-25 17:57:10,973 INFO  ExportHelperExtension.cs: 1136 - Found 37 in Mockup2-2
2026-09-25 17:57:10,973 INFO  ExportHelperExtension.cs: 1145 - Found 0 features of type [CoordSys] in Mockup2-2
2026-09-25 17:57:10,975 INFO  ExportHelperExtension.cs: 1125 - Retrieving features of type [CoordSys] from SideFrame1_nmw37_10_19_24-1
2026-09-25 17:57:10,975 INFO  ExportHelperExtension.cs: 1136 - Found 32 in SideFrame1_nmw37_10_19_24-1
2026-09-25 17:57:10,975 INFO  ExportHelperExtension.cs: 1145 - Found 0 features of type [CoordSys] in SideFrame1_nmw37_10_19_24-1
2026-09-25 17:57:10,975 INFO  ExportHelperExtension.cs: 1125 - Retrieving features of type [CoordSys] from Mockup2-1
2026-09-25 17:57:10,977 INFO  ExportHelperExtension.cs: 1136 - Found 37 in Mockup2-1
2026-09-25 17:57:10,977 INFO  ExportHelperExtension.cs: 1145 - Found 0 features of type [CoordSys] in Mockup2-1
2026-09-25 17:57:10,977 INFO  ExportHelperExtension.cs: 1125 - Retrieving features of type [CoordSys] from FINAL backplate Frame Mounts-1
2026-09-25 17:57:10,979 INFO  ExportHelperExtension.cs: 1136 - Found 58 in FINAL backplate Frame Mounts-1
2026-09-25 17:57:10,979 INFO  ExportHelperExtension.cs: 1145 - Found 0 features of type [CoordSys] in FINAL backplate Frame Mounts-1
2026-09-25 17:57:10,979 INFO  ExportHelperExtension.cs: 1125 - Retrieving features of type [CoordSys] from CapsuleCap cg376 1010-3
2026-09-25 17:57:10,979 INFO  ExportHelperExtension.cs: 1136 - Found 34 in CapsuleCap cg376 1010-3
2026-09-25 17:57:10,981 INFO  ExportHelperExtension.cs: 1145 - Found 0 features of type [CoordSys] in CapsuleCap cg376 1010-3
2026-09-25 17:57:10,981 INFO  ExportHelperExtension.cs: 1125 - Retrieving features of type [CoordSys] from CapsuleCap cg376 1010-2
2026-09-25 17:57:10,981 INFO  ExportHelperExtension.cs: 1136 - Found 34 in CapsuleCap cg376 1010-2
2026-09-25 17:57:10,981 INFO  ExportHelperExtension.cs: 1145 - Found 0 features of type [CoordSys] in CapsuleCap cg376 1010-2
2026-09-25 17:57:10,983 INFO  ExportHelperExtension.cs: 1125 - Retrieving features of type [CoordSys] from through hole_L bracket_rzc_10_5_24-5
2026-09-25 17:57:10,983 INFO  ExportHelperExtension.cs: 1136 - Found 36 in through hole_L bracket_rzc_10_5_24-5
2026-09-25 17:57:10,983 INFO  ExportHelperExtension.cs: 1145 - Found 0 features of type [CoordSys] in through hole_L bracket_rzc_10_5_24-5
2026-09-25 17:57:10,985 INFO  ExportHelperExtension.cs: 1125 - Retrieving features of type [CoordSys] from Metal_Bar-3
2026-09-25 17:57:10,985 INFO  ExportHelperExtension.cs: 1136 - Found 29 in Metal_Bar-3
2026-09-25 17:57:10,985 INFO  ExportHelperExtension.cs: 1145 - Found 0 features of type [CoordSys] in Metal_Bar-3
2026-09-25 17:57:10,985 INFO  ExportHelperExtension.cs: 1125 - Retrieving features of type [CoordSys] from Metal_Bar-1
2026-09-25 17:57:10,987 INFO  ExportHelperExtension.cs: 1136 - Found 29 in Metal_Bar-1
2026-09-25 17:57:10,992 INFO  ExportHelperExtension.cs: 1145 - Found 0 features of type [CoordSys] in Metal_Bar-1
2026-09-25 17:57:10,992 INFO  ExportHelperExtension.cs: 1125 - Retrieving features of type [CoordSys] from SideFrame1_nmw37_10_19_24-2
2026-09-25 17:57:10,999 INFO  ExportHelperExtension.cs: 1136 - Found 32 in SideFrame1_nmw37_10_19_24-2
2026-09-25 17:57:10,999 INFO  ExportHelperExtension.cs: 1145 - Found 0 features of type [CoordSys] in SideFrame1_nmw37_10_19_24-2
2026-09-25 17:57:11,001 INFO  ExportHelperExtension.cs: 1125 - Retrieving features of type [CoordSys] from through hole_L bracket_rzc_10_5_24-2
2026-09-25 17:57:11,001 INFO  ExportHelperExtension.cs: 1136 - Found 36 in through hole_L bracket_rzc_10_5_24-2
2026-09-25 17:57:11,001 INFO  ExportHelperExtension.cs: 1145 - Found 0 features of type [CoordSys] in through hole_L bracket_rzc_10_5_24-2
2026-09-25 17:57:11,001 INFO  ExportHelperExtension.cs: 1125 - Retrieving features of type [CoordSys] from Metal_Bar-2
2026-09-25 17:57:11,003 INFO  ExportHelperExtension.cs: 1136 - Found 29 in Metal_Bar-2
2026-09-25 17:57:11,003 INFO  ExportHelperExtension.cs: 1145 - Found 0 features of type [CoordSys] in Metal_Bar-2
2026-09-25 17:57:11,003 INFO  ExportHelperExtension.cs: 1125 - Retrieving features of type [CoordSys] from FINAL backplate Frame Mounts-2
2026-09-25 17:57:11,003 INFO  ExportHelperExtension.cs: 1136 - Found 58 in FINAL backplate Frame Mounts-2
2026-09-25 17:57:11,005 INFO  ExportHelperExtension.cs: 1145 - Found 0 features of type [CoordSys] in FINAL backplate Frame Mounts-2
2026-09-25 17:57:11,005 INFO  ExportHelperExtension.cs: 1125 - Retrieving features of type [CoordSys] from Back Plate cg376 1010-2
2026-09-25 17:57:11,005 INFO  ExportHelperExtension.cs: 1136 - Found 46 in Back Plate cg376 1010-2
2026-09-25 17:57:11,007 INFO  ExportHelperExtension.cs: 1145 - Found 0 features of type [CoordSys] in Back Plate cg376 1010-2
2026-09-25 17:57:11,007 INFO  ExportHelperExtension.cs: 1125 - Retrieving features of type [CoordSys] from through hole_L bracket_rzc_10_5_24-1
2026-09-25 17:57:11,007 INFO  ExportHelperExtension.cs: 1136 - Found 36 in through hole_L bracket_rzc_10_5_24-1
2026-09-25 17:57:11,007 INFO  ExportHelperExtension.cs: 1145 - Found 0 features of type [CoordSys] in through hole_L bracket_rzc_10_5_24-1
2026-09-25 17:57:11,009 INFO  ExportHelperExtension.cs: 1125 - Retrieving features of type [CoordSys] from through hole_L bracket_rzc_10_5_24-3
2026-09-25 17:57:11,009 INFO  ExportHelperExtension.cs: 1136 - Found 36 in through hole_L bracket_rzc_10_5_24-3
2026-09-25 17:57:11,009 INFO  ExportHelperExtension.cs: 1145 - Found 0 features of type [CoordSys] in through hole_L bracket_rzc_10_5_24-3
2026-09-25 17:57:11,011 INFO  ExportHelperExtension.cs: 1125 - Retrieving features of type [CoordSys] from through hole_L bracket_rzc_10_5_24-4
2026-09-25 17:57:11,011 INFO  ExportHelperExtension.cs: 1136 - Found 36 in through hole_L bracket_rzc_10_5_24-4
2026-09-25 17:57:11,011 INFO  ExportHelperExtension.cs: 1145 - Found 0 features of type [CoordSys] in through hole_L bracket_rzc_10_5_24-4
2026-09-25 17:57:11,013 INFO  ExportHelperExtension.cs: 1125 - Retrieving features of type [CoordSys] from through hole_L bracket_rzc_10_5_24-6
2026-09-25 17:57:11,013 INFO  ExportHelperExtension.cs: 1136 - Found 36 in through hole_L bracket_rzc_10_5_24-6
2026-09-25 17:57:11,013 INFO  ExportHelperExtension.cs: 1145 - Found 0 features of type [CoordSys] in through hole_L bracket_rzc_10_5_24-6
2026-09-25 17:57:11,013 INFO  ExportHelperExtension.cs: 1125 - Retrieving features of type [CoordSys] from Metal_Bar-4
2026-09-25 17:57:11,015 INFO  ExportHelperExtension.cs: 1136 - Found 29 in Metal_Bar-4
2026-09-25 17:57:11,015 INFO  ExportHelperExtension.cs: 1145 - Found 0 features of type [CoordSys] in Metal_Bar-4
2026-09-25 17:57:11,015 INFO  ExportHelperExtension.cs: 1125 - Retrieving features of type [CoordSys] from SideThrusterMounting-4
2026-09-25 17:57:11,015 INFO  ExportHelperExtension.cs: 1136 - Found 92 in SideThrusterMounting-4
2026-09-25 17:57:11,017 INFO  ExportHelperExtension.cs: 1145 - Found 0 features of type [CoordSys] in SideThrusterMounting-4
2026-09-25 17:57:11,017 INFO  ExportHelperExtension.cs: 1125 - Retrieving features of type [CoordSys] from through hole_L bracket_rzc_10_5_24-7
2026-09-25 17:57:11,017 INFO  ExportHelperExtension.cs: 1136 - Found 36 in through hole_L bracket_rzc_10_5_24-7
2026-09-25 17:57:11,019 INFO  ExportHelperExtension.cs: 1145 - Found 0 features of type [CoordSys] in through hole_L bracket_rzc_10_5_24-7
2026-09-25 17:57:11,019 INFO  ExportHelperExtension.cs: 1125 - Retrieving features of type [CoordSys] from through hole_L bracket_rzc_10_5_24-8
2026-09-25 17:57:11,019 INFO  ExportHelperExtension.cs: 1136 - Found 36 in through hole_L bracket_rzc_10_5_24-8
2026-09-25 17:57:11,019 INFO  ExportHelperExtension.cs: 1145 - Found 0 features of type [CoordSys] in through hole_L bracket_rzc_10_5_24-8
2026-09-25 17:57:11,021 INFO  ExportHelperExtension.cs: 1125 - Retrieving features of type [CoordSys] from Wayfinder_DVL-2
2026-09-25 17:57:11,021 INFO  ExportHelperExtension.cs: 1136 - Found 33 in Wayfinder_DVL-2
2026-09-25 17:57:11,021 INFO  ExportHelperExtension.cs: 1145 - Found 0 features of type [CoordSys] in Wayfinder_DVL-2
2026-09-25 17:57:11,021 INFO  ExportHelperExtension.cs: 1125 - Retrieving features of type [CoordSys] from Ping360ASM-1
2026-09-25 17:57:11,023 INFO  ExportHelperExtension.cs: 1136 - Found 27 in Ping360ASM-1
2026-09-25 17:57:11,023 INFO  ExportHelperExtension.cs: 1145 - Found 0 features of type [CoordSys] in Ping360ASM-1
2026-09-25 17:57:11,023 INFO  ExportHelperExtension.cs: 1125 - Retrieving features of type [CoordSys] from through hole_L bracket_rzc_10_5_24-9
2026-09-25 17:57:11,023 INFO  ExportHelperExtension.cs: 1136 - Found 36 in through hole_L bracket_rzc_10_5_24-9
2026-09-25 17:57:11,025 INFO  ExportHelperExtension.cs: 1145 - Found 0 features of type [CoordSys] in through hole_L bracket_rzc_10_5_24-9
2026-09-25 17:57:11,025 INFO  ExportHelperExtension.cs: 1125 - Retrieving features of type [CoordSys] from through hole_L bracket_rzc_10_5_24-10
2026-09-25 17:57:11,027 INFO  ExportHelperExtension.cs: 1136 - Found 36 in through hole_L bracket_rzc_10_5_24-10
2026-09-25 17:57:11,027 INFO  ExportHelperExtension.cs: 1145 - Found 0 features of type [CoordSys] in through hole_L bracket_rzc_10_5_24-10
2026-09-25 17:57:11,027 INFO  ExportHelperExtension.cs: 1125 - Retrieving features of type [CoordSys] from DVL_Mount_ajp119-2
2026-09-25 17:57:11,027 INFO  ExportHelperExtension.cs: 1136 - Found 29 in DVL_Mount_ajp119-2
2026-09-25 17:57:11,029 INFO  ExportHelperExtension.cs: 1145 - Found 0 features of type [CoordSys] in DVL_Mount_ajp119-2
2026-09-25 17:57:11,029 INFO  ExportHelperExtension.cs: 1125 - Retrieving features of type [CoordSys] from Camera Mount Bottom v2-1
2026-09-25 17:57:11,029 INFO  ExportHelperExtension.cs: 1136 - Found 67 in Camera Mount Bottom v2-1
2026-09-25 17:57:11,031 INFO  ExportHelperExtension.cs: 1145 - Found 0 features of type [CoordSys] in Camera Mount Bottom v2-1
2026-09-25 17:57:11,031 INFO  ExportHelperExtension.cs: 1125 - Retrieving features of type [CoordSys] from Metal_Bar-5
2026-09-25 17:57:11,031 INFO  ExportHelperExtension.cs: 1136 - Found 29 in Metal_Bar-5
2026-09-25 17:57:11,031 INFO  ExportHelperExtension.cs: 1145 - Found 0 features of type [CoordSys] in Metal_Bar-5
2026-09-25 17:57:11,033 INFO  ExportHelperExtension.cs: 1125 - Retrieving features of type [CoordSys] from backside_L_bracket_rzc_11.9.24-2
2026-09-25 17:57:11,033 INFO  ExportHelperExtension.cs: 1136 - Found 101 in backside_L_bracket_rzc_11.9.24-2
2026-09-25 17:57:11,033 INFO  ExportHelperExtension.cs: 1145 - Found 0 features of type [CoordSys] in backside_L_bracket_rzc_11.9.24-2
2026-09-25 17:57:11,035 INFO  ExportHelperExtension.cs: 1125 - Retrieving features of type [CoordSys] from NEW Camera Mount Top-1
2026-09-25 17:57:11,035 INFO  ExportHelperExtension.cs: 1136 - Found 36 in NEW Camera Mount Top-1
2026-09-25 17:57:11,035 INFO  ExportHelperExtension.cs: 1145 - Found 0 features of type [CoordSys] in NEW Camera Mount Top-1
2026-09-25 17:57:11,035 INFO  ExportHelperExtension.cs: 1125 - Retrieving features of type [CoordSys] from Part1^Full Model Assembly (1)-1
2026-09-25 17:57:11,037 INFO  ExportHelperExtension.cs: 1136 - Found 23 in Part1^Full Model Assembly (1)-1
2026-09-25 17:57:11,037 INFO  ExportHelperExtension.cs: 1145 - Found 0 features of type [CoordSys] in Part1^Full Model Assembly (1)-1
2026-09-25 17:57:11,037 INFO  ExportHelperExtension.cs: 1125 - Retrieving features of type [CoordSys] from Camera Mount Right Angle-1
2026-09-25 17:57:11,039 INFO  ExportHelperExtension.cs: 1136 - Found 71 in Camera Mount Right Angle-1
2026-09-25 17:57:11,039 INFO  ExportHelperExtension.cs: 1145 - Found 0 features of type [CoordSys] in Camera Mount Right Angle-1
2026-09-25 17:57:11,039 INFO  ExportHelperExtension.cs: 1125 - Retrieving features of type [CoordSys] from backside_L_bracket_rzc_11.9.24-1
2026-09-25 17:57:11,041 INFO  ExportHelperExtension.cs: 1136 - Found 101 in backside_L_bracket_rzc_11.9.24-1
2026-09-25 17:57:11,041 INFO  ExportHelperExtension.cs: 1145 - Found 0 features of type [CoordSys] in backside_L_bracket_rzc_11.9.24-1
2026-09-25 17:57:11,041 INFO  ExportHelperExtension.cs: 1125 - Retrieving features of type [CoordSys] from thruster middle mounting assembly mockup-1
2026-09-25 17:57:11,043 INFO  ExportHelperExtension.cs: 1136 - Found 86 in thruster middle mounting assembly mockup-1
2026-09-25 17:57:11,043 INFO  ExportHelperExtension.cs: 1145 - Found 0 features of type [CoordSys] in thruster middle mounting assembly mockup-1
2026-09-25 17:57:11,043 INFO  ExportHelperExtension.cs: 1125 - Retrieving features of type [CoordSys] from NEW Camera Mount Top-2
2026-09-25 17:57:11,045 INFO  ExportHelperExtension.cs: 1136 - Found 36 in NEW Camera Mount Top-2
2026-09-25 17:57:11,045 INFO  ExportHelperExtension.cs: 1145 - Found 0 features of type [CoordSys] in NEW Camera Mount Top-2
2026-09-25 17:57:11,045 INFO  ExportHelperExtension.cs: 1125 - Retrieving features of type [CoordSys] from camera-eHD_3.0_with_WL_STEP_Public-1
2026-09-25 17:57:11,045 INFO  ExportHelperExtension.cs: 1136 - Found 23 in camera-eHD_3.0_with_WL_STEP_Public-1
2026-09-25 17:57:11,047 INFO  ExportHelperExtension.cs: 1145 - Found 0 features of type [CoordSys] in camera-eHD_3.0_with_WL_STEP_Public-1
2026-09-25 17:57:11,047 INFO  ExportHelperExtension.cs: 1125 - Retrieving features of type [CoordSys] from Part2^Full Model Assembly (1)-1
2026-09-25 17:57:11,047 INFO  ExportHelperExtension.cs: 1136 - Found 23 in Part2^Full Model Assembly (1)-1
2026-09-25 17:57:11,049 INFO  ExportHelperExtension.cs: 1145 - Found 0 features of type [CoordSys] in Part2^Full Model Assembly (1)-1
2026-09-25 17:57:11,049 INFO  ExportHelperExtension.cs: 1125 - Retrieving features of type [CoordSys] from camera-eHD_3.0_with_WL_STEP_Public-2
2026-09-25 17:57:11,049 INFO  ExportHelperExtension.cs: 1136 - Found 23 in camera-eHD_3.0_with_WL_STEP_Public-2
2026-09-25 17:57:11,049 INFO  ExportHelperExtension.cs: 1145 - Found 0 features of type [CoordSys] in camera-eHD_3.0_with_WL_STEP_Public-2
2026-09-25 17:57:11,049 INFO  ExportHelperExtension.cs: 1125 - Retrieving features of type [CoordSys] from Power Capsule Assembly-1
2026-09-25 17:57:11,051 INFO  ExportHelperExtension.cs: 1136 - Found 44 in Power Capsule Assembly-1
2026-09-25 17:57:11,051 INFO  ExportHelperExtension.cs: 1145 - Found 0 features of type [CoordSys] in Power Capsule Assembly-1
2026-09-25 17:57:11,051 INFO  ExportHelperExtension.cs: 1125 - Retrieving features of type [CoordSys] from Signal Capsule Assembly-1
2026-09-25 17:57:11,053 INFO  ExportHelperExtension.cs: 1136 - Found 61 in Signal Capsule Assembly-1
2026-09-25 17:57:11,053 INFO  ExportHelperExtension.cs: 1145 - Found 0 features of type [CoordSys] in Signal Capsule Assembly-1
2026-09-25 17:57:11,053 INFO  ExportHelperExtension.cs: 1125 - Retrieving features of type [CoordSys] from Modem Mount-1
2026-09-25 17:57:11,053 INFO  ExportHelperExtension.cs: 1136 - Found 35 in Modem Mount-1
2026-09-25 17:57:11,055 INFO  ExportHelperExtension.cs: 1145 - Found 0 features of type [CoordSys] in Modem Mount-1
2026-09-25 17:57:11,055 INFO  ExportHelperExtension.cs: 1125 - Retrieving features of type [CoordSys] from Pressure_Sensor_9_21_24-1
2026-09-25 17:57:11,055 INFO  ExportHelperExtension.cs: 1136 - Found 36 in Pressure_Sensor_9_21_24-1
2026-09-25 17:57:11,057 INFO  ExportHelperExtension.cs: 1145 - Found 0 features of type [CoordSys] in Pressure_Sensor_9_21_24-1
2026-09-25 17:57:11,057 INFO  ExportHelperExtension.cs: 1125 - Retrieving features of type [CoordSys] from thruster middle mounting assembly mockup - MIRROR-1
2026-09-25 17:57:11,057 INFO  ExportHelperExtension.cs: 1136 - Found 87 in thruster middle mounting assembly mockup - MIRROR-1
2026-09-25 17:57:11,058 INFO  ExportHelperExtension.cs: 1145 - Found 0 features of type [CoordSys] in thruster middle mounting assembly mockup - MIRROR-1
2026-09-25 17:57:11,058 INFO  ExportHelperExtension.cs: 1125 - Retrieving features of type [RefAxis] from Full Model Assembly (1)
2026-09-25 17:57:11,058 INFO  ExportHelperExtension.cs: 1136 - Found 225 in Full Model Assembly (1)
2026-09-25 17:57:11,060 INFO  ExportHelperExtension.cs: 1145 - Found 0 features of type [RefAxis] in Full Model Assembly (1)
2026-09-25 17:57:11,060 INFO  ExportHelperExtension.cs: 1148 - Proceeding through assembly components
2026-09-25 17:57:11,060 INFO  ExportHelperExtension.cs: 1160 - 44 components to check
2026-09-25 17:57:11,062 INFO  ExportHelperExtension.cs: 1125 - Retrieving features of type [RefAxis] from Mockup2-2
2026-09-25 17:57:11,062 INFO  ExportHelperExtension.cs: 1136 - Found 37 in Mockup2-2
2026-09-25 17:57:11,062 INFO  ExportHelperExtension.cs: 1145 - Found 0 features of type [RefAxis] in Mockup2-2
2026-09-25 17:57:11,062 INFO  ExportHelperExtension.cs: 1125 - Retrieving features of type [RefAxis] from SideFrame1_nmw37_10_19_24-1
2026-09-25 17:57:11,064 INFO  ExportHelperExtension.cs: 1136 - Found 32 in SideFrame1_nmw37_10_19_24-1
2026-09-25 17:57:11,064 INFO  ExportHelperExtension.cs: 1145 - Found 0 features of type [RefAxis] in SideFrame1_nmw37_10_19_24-1
2026-09-25 17:57:11,064 INFO  ExportHelperExtension.cs: 1125 - Retrieving features of type [RefAxis] from Mockup2-1
2026-09-25 17:57:11,066 INFO  ExportHelperExtension.cs: 1136 - Found 37 in Mockup2-1
2026-09-25 17:57:11,066 INFO  ExportHelperExtension.cs: 1145 - Found 0 features of type [RefAxis] in Mockup2-1
2026-09-25 17:57:11,066 INFO  ExportHelperExtension.cs: 1125 - Retrieving features of type [RefAxis] from FINAL backplate Frame Mounts-1
2026-09-25 17:57:11,066 INFO  ExportHelperExtension.cs: 1136 - Found 58 in FINAL backplate Frame Mounts-1
2026-09-25 17:57:11,068 INFO  ExportHelperExtension.cs: 1145 - Found 0 features of type [RefAxis] in FINAL backplate Frame Mounts-1
2026-09-25 17:57:11,068 INFO  ExportHelperExtension.cs: 1125 - Retrieving features of type [RefAxis] from CapsuleCap cg376 1010-3
2026-09-25 17:57:11,068 INFO  ExportHelperExtension.cs: 1136 - Found 34 in CapsuleCap cg376 1010-3
2026-09-25 17:57:11,068 INFO  ExportHelperExtension.cs: 1145 - Found 1 features of type [RefAxis] in CapsuleCap cg376 1010-3
2026-09-25 17:57:11,070 INFO  ExportHelperExtension.cs: 1125 - Retrieving features of type [RefAxis] from CapsuleCap cg376 1010-2
2026-09-25 17:57:11,070 INFO  ExportHelperExtension.cs: 1136 - Found 34 in CapsuleCap cg376 1010-2
2026-09-25 17:57:11,070 INFO  ExportHelperExtension.cs: 1145 - Found 1 features of type [RefAxis] in CapsuleCap cg376 1010-2
2026-09-25 17:57:11,070 INFO  ExportHelperExtension.cs: 1125 - Retrieving features of type [RefAxis] from through hole_L bracket_rzc_10_5_24-5
2026-09-25 17:57:11,072 INFO  ExportHelperExtension.cs: 1136 - Found 36 in through hole_L bracket_rzc_10_5_24-5
2026-09-25 17:57:11,072 INFO  ExportHelperExtension.cs: 1145 - Found 0 features of type [RefAxis] in through hole_L bracket_rzc_10_5_24-5
2026-09-25 17:57:11,072 INFO  ExportHelperExtension.cs: 1125 - Retrieving features of type [RefAxis] from Metal_Bar-3
2026-09-25 17:57:11,074 INFO  ExportHelperExtension.cs: 1136 - Found 29 in Metal_Bar-3
2026-09-25 17:57:11,074 INFO  ExportHelperExtension.cs: 1145 - Found 0 features of type [RefAxis] in Metal_Bar-3
2026-09-25 17:57:11,074 INFO  ExportHelperExtension.cs: 1125 - Retrieving features of type [RefAxis] from Metal_Bar-1
2026-09-25 17:57:11,074 INFO  ExportHelperExtension.cs: 1136 - Found 29 in Metal_Bar-1
2026-09-25 17:57:11,076 INFO  ExportHelperExtension.cs: 1145 - Found 0 features of type [RefAxis] in Metal_Bar-1
2026-09-25 17:57:11,076 INFO  ExportHelperExtension.cs: 1125 - Retrieving features of type [RefAxis] from SideFrame1_nmw37_10_19_24-2
2026-09-25 17:57:11,076 INFO  ExportHelperExtension.cs: 1136 - Found 32 in SideFrame1_nmw37_10_19_24-2
2026-09-25 17:57:11,076 INFO  ExportHelperExtension.cs: 1145 - Found 0 features of type [RefAxis] in SideFrame1_nmw37_10_19_24-2
2026-09-25 17:57:11,078 INFO  ExportHelperExtension.cs: 1125 - Retrieving features of type [RefAxis] from through hole_L bracket_rzc_10_5_24-2
2026-09-25 17:57:11,078 INFO  ExportHelperExtension.cs: 1136 - Found 36 in through hole_L bracket_rzc_10_5_24-2
2026-09-25 17:57:11,078 INFO  ExportHelperExtension.cs: 1145 - Found 0 features of type [RefAxis] in through hole_L bracket_rzc_10_5_24-2
2026-09-25 17:57:11,080 INFO  ExportHelperExtension.cs: 1125 - Retrieving features of type [RefAxis] from Metal_Bar-2
2026-09-25 17:57:11,080 INFO  ExportHelperExtension.cs: 1136 - Found 29 in Metal_Bar-2
2026-09-25 17:57:11,080 INFO  ExportHelperExtension.cs: 1145 - Found 0 features of type [RefAxis] in Metal_Bar-2
2026-09-25 17:57:11,080 INFO  ExportHelperExtension.cs: 1125 - Retrieving features of type [RefAxis] from FINAL backplate Frame Mounts-2
2026-09-25 17:57:11,082 INFO  ExportHelperExtension.cs: 1136 - Found 58 in FINAL backplate Frame Mounts-2
2026-09-25 17:57:11,082 INFO  ExportHelperExtension.cs: 1145 - Found 0 features of type [RefAxis] in FINAL backplate Frame Mounts-2
2026-09-25 17:57:11,082 INFO  ExportHelperExtension.cs: 1125 - Retrieving features of type [RefAxis] from Back Plate cg376 1010-2
2026-09-25 17:57:11,082 INFO  ExportHelperExtension.cs: 1136 - Found 46 in Back Plate cg376 1010-2
2026-09-25 17:57:11,084 INFO  ExportHelperExtension.cs: 1145 - Found 0 features of type [RefAxis] in Back Plate cg376 1010-2
2026-09-25 17:57:11,084 INFO  ExportHelperExtension.cs: 1125 - Retrieving features of type [RefAxis] from through hole_L bracket_rzc_10_5_24-1
2026-09-25 17:57:11,084 INFO  ExportHelperExtension.cs: 1136 - Found 36 in through hole_L bracket_rzc_10_5_24-1
2026-09-25 17:57:11,086 INFO  ExportHelperExtension.cs: 1145 - Found 0 features of type [RefAxis] in through hole_L bracket_rzc_10_5_24-1
2026-09-25 17:57:11,086 INFO  ExportHelperExtension.cs: 1125 - Retrieving features of type [RefAxis] from through hole_L bracket_rzc_10_5_24-3
2026-09-25 17:57:11,086 INFO  ExportHelperExtension.cs: 1136 - Found 36 in through hole_L bracket_rzc_10_5_24-3
2026-09-25 17:57:11,096 INFO  ExportHelperExtension.cs: 1145 - Found 0 features of type [RefAxis] in through hole_L bracket_rzc_10_5_24-3
2026-09-25 17:57:11,096 INFO  ExportHelperExtension.cs: 1125 - Retrieving features of type [RefAxis] from through hole_L bracket_rzc_10_5_24-4
2026-09-25 17:57:11,096 INFO  ExportHelperExtension.cs: 1136 - Found 36 in through hole_L bracket_rzc_10_5_24-4
2026-09-25 17:57:11,096 INFO  ExportHelperExtension.cs: 1145 - Found 0 features of type [RefAxis] in through hole_L bracket_rzc_10_5_24-4
2026-09-25 17:57:11,098 INFO  ExportHelperExtension.cs: 1125 - Retrieving features of type [RefAxis] from through hole_L bracket_rzc_10_5_24-6
2026-09-25 17:57:11,098 INFO  ExportHelperExtension.cs: 1136 - Found 36 in through hole_L bracket_rzc_10_5_24-6
2026-09-25 17:57:11,098 INFO  ExportHelperExtension.cs: 1145 - Found 0 features of type [RefAxis] in through hole_L bracket_rzc_10_5_24-6
2026-09-25 17:57:11,098 INFO  ExportHelperExtension.cs: 1125 - Retrieving features of type [RefAxis] from Metal_Bar-4
2026-09-25 17:57:11,121 INFO  ExportHelperExtension.cs: 1136 - Found 29 in Metal_Bar-4
2026-09-25 17:57:11,121 INFO  ExportHelperExtension.cs: 1145 - Found 0 features of type [RefAxis] in Metal_Bar-4
2026-09-25 17:57:11,121 INFO  ExportHelperExtension.cs: 1125 - Retrieving features of type [RefAxis] from SideThrusterMounting-4
2026-09-25 17:57:11,123 INFO  ExportHelperExtension.cs: 1136 - Found 92 in SideThrusterMounting-4
2026-09-25 17:57:11,123 INFO  ExportHelperExtension.cs: 1145 - Found 0 features of type [RefAxis] in SideThrusterMounting-4
2026-09-25 17:57:11,123 INFO  ExportHelperExtension.cs: 1125 - Retrieving features of type [RefAxis] from through hole_L bracket_rzc_10_5_24-7
2026-09-25 17:57:11,123 INFO  ExportHelperExtension.cs: 1136 - Found 36 in through hole_L bracket_rzc_10_5_24-7
2026-09-25 17:57:11,125 INFO  ExportHelperExtension.cs: 1145 - Found 0 features of type [RefAxis] in through hole_L bracket_rzc_10_5_24-7
2026-09-25 17:57:11,125 INFO  ExportHelperExtension.cs: 1125 - Retrieving features of type [RefAxis] from through hole_L bracket_rzc_10_5_24-8
2026-09-25 17:57:11,125 INFO  ExportHelperExtension.cs: 1136 - Found 36 in through hole_L bracket_rzc_10_5_24-8
2026-09-25 17:57:11,125 INFO  ExportHelperExtension.cs: 1145 - Found 0 features of type [RefAxis] in through hole_L bracket_rzc_10_5_24-8
2026-09-25 17:57:11,127 INFO  ExportHelperExtension.cs: 1125 - Retrieving features of type [RefAxis] from Wayfinder_DVL-2
2026-09-25 17:57:11,127 INFO  ExportHelperExtension.cs: 1136 - Found 33 in Wayfinder_DVL-2
2026-09-25 17:57:11,127 INFO  ExportHelperExtension.cs: 1145 - Found 0 features of type [RefAxis] in Wayfinder_DVL-2
2026-09-25 17:57:11,129 INFO  ExportHelperExtension.cs: 1125 - Retrieving features of type [RefAxis] from Ping360ASM-1
2026-09-25 17:57:11,129 INFO  ExportHelperExtension.cs: 1136 - Found 27 in Ping360ASM-1
2026-09-25 17:57:11,129 INFO  ExportHelperExtension.cs: 1145 - Found 0 features of type [RefAxis] in Ping360ASM-1
2026-09-25 17:57:11,129 INFO  ExportHelperExtension.cs: 1125 - Retrieving features of type [RefAxis] from through hole_L bracket_rzc_10_5_24-9
2026-09-25 17:57:11,131 INFO  ExportHelperExtension.cs: 1136 - Found 36 in through hole_L bracket_rzc_10_5_24-9
2026-09-25 17:57:11,131 INFO  ExportHelperExtension.cs: 1145 - Found 0 features of type [RefAxis] in through hole_L bracket_rzc_10_5_24-9
2026-09-25 17:57:11,131 INFO  ExportHelperExtension.cs: 1125 - Retrieving features of type [RefAxis] from through hole_L bracket_rzc_10_5_24-10
2026-09-25 17:57:11,131 INFO  ExportHelperExtension.cs: 1136 - Found 36 in through hole_L bracket_rzc_10_5_24-10
2026-09-25 17:57:11,133 INFO  ExportHelperExtension.cs: 1145 - Found 0 features of type [RefAxis] in through hole_L bracket_rzc_10_5_24-10
2026-09-25 17:57:11,133 INFO  ExportHelperExtension.cs: 1125 - Retrieving features of type [RefAxis] from DVL_Mount_ajp119-2
2026-09-25 17:57:11,133 INFO  ExportHelperExtension.cs: 1136 - Found 29 in DVL_Mount_ajp119-2
2026-09-25 17:57:11,133 INFO  ExportHelperExtension.cs: 1145 - Found 0 features of type [RefAxis] in DVL_Mount_ajp119-2
2026-09-25 17:57:11,135 INFO  ExportHelperExtension.cs: 1125 - Retrieving features of type [RefAxis] from Camera Mount Bottom v2-1
2026-09-25 17:57:11,135 INFO  ExportHelperExtension.cs: 1136 - Found 67 in Camera Mount Bottom v2-1
2026-09-25 17:57:11,137 INFO  ExportHelperExtension.cs: 1145 - Found 0 features of type [RefAxis] in Camera Mount Bottom v2-1
2026-09-25 17:57:11,137 INFO  ExportHelperExtension.cs: 1125 - Retrieving features of type [RefAxis] from Metal_Bar-5
2026-09-25 17:57:11,137 INFO  ExportHelperExtension.cs: 1136 - Found 29 in Metal_Bar-5
2026-09-25 17:57:11,137 INFO  ExportHelperExtension.cs: 1145 - Found 0 features of type [RefAxis] in Metal_Bar-5
2026-09-25 17:57:11,139 INFO  ExportHelperExtension.cs: 1125 - Retrieving features of type [RefAxis] from backside_L_bracket_rzc_11.9.24-2
2026-09-25 17:57:11,139 INFO  ExportHelperExtension.cs: 1136 - Found 101 in backside_L_bracket_rzc_11.9.24-2
2026-09-25 17:57:11,139 INFO  ExportHelperExtension.cs: 1145 - Found 0 features of type [RefAxis] in backside_L_bracket_rzc_11.9.24-2
2026-09-25 17:57:11,141 INFO  ExportHelperExtension.cs: 1125 - Retrieving features of type [RefAxis] from NEW Camera Mount Top-1
2026-09-25 17:57:11,141 INFO  ExportHelperExtension.cs: 1136 - Found 36 in NEW Camera Mount Top-1
2026-09-25 17:57:11,141 INFO  ExportHelperExtension.cs: 1145 - Found 0 features of type [RefAxis] in NEW Camera Mount Top-1
2026-09-25 17:57:11,141 INFO  ExportHelperExtension.cs: 1125 - Retrieving features of type [RefAxis] from Part1^Full Model Assembly (1)-1
2026-09-25 17:57:11,143 INFO  ExportHelperExtension.cs: 1136 - Found 23 in Part1^Full Model Assembly (1)-1
2026-09-25 17:57:11,143 INFO  ExportHelperExtension.cs: 1145 - Found 0 features of type [RefAxis] in Part1^Full Model Assembly (1)-1
2026-09-25 17:57:11,143 INFO  ExportHelperExtension.cs: 1125 - Retrieving features of type [RefAxis] from Camera Mount Right Angle-1
2026-09-25 17:57:11,145 INFO  ExportHelperExtension.cs: 1136 - Found 71 in Camera Mount Right Angle-1
2026-09-25 17:57:11,145 INFO  ExportHelperExtension.cs: 1145 - Found 0 features of type [RefAxis] in Camera Mount Right Angle-1
2026-09-25 17:57:11,145 INFO  ExportHelperExtension.cs: 1125 - Retrieving features of type [RefAxis] from backside_L_bracket_rzc_11.9.24-1
2026-09-25 17:57:11,145 INFO  ExportHelperExtension.cs: 1136 - Found 101 in backside_L_bracket_rzc_11.9.24-1
2026-09-25 17:57:11,147 INFO  ExportHelperExtension.cs: 1145 - Found 0 features of type [RefAxis] in backside_L_bracket_rzc_11.9.24-1
2026-09-25 17:57:11,147 INFO  ExportHelperExtension.cs: 1125 - Retrieving features of type [RefAxis] from thruster middle mounting assembly mockup-1
2026-09-25 17:57:11,149 INFO  ExportHelperExtension.cs: 1136 - Found 86 in thruster middle mounting assembly mockup-1
2026-09-25 17:57:11,149 INFO  ExportHelperExtension.cs: 1145 - Found 0 features of type [RefAxis] in thruster middle mounting assembly mockup-1
2026-09-25 17:57:11,149 INFO  ExportHelperExtension.cs: 1125 - Retrieving features of type [RefAxis] from NEW Camera Mount Top-2
2026-09-25 17:57:11,151 INFO  ExportHelperExtension.cs: 1136 - Found 36 in NEW Camera Mount Top-2
2026-09-25 17:57:11,151 INFO  ExportHelperExtension.cs: 1145 - Found 0 features of type [RefAxis] in NEW Camera Mount Top-2
2026-09-25 17:57:11,151 INFO  ExportHelperExtension.cs: 1125 - Retrieving features of type [RefAxis] from camera-eHD_3.0_with_WL_STEP_Public-1
2026-09-25 17:57:11,151 INFO  ExportHelperExtension.cs: 1136 - Found 23 in camera-eHD_3.0_with_WL_STEP_Public-1
2026-09-25 17:57:11,153 INFO  ExportHelperExtension.cs: 1145 - Found 0 features of type [RefAxis] in camera-eHD_3.0_with_WL_STEP_Public-1
2026-09-25 17:57:11,153 INFO  ExportHelperExtension.cs: 1125 - Retrieving features of type [RefAxis] from Part2^Full Model Assembly (1)-1
2026-09-25 17:57:11,153 INFO  ExportHelperExtension.cs: 1136 - Found 23 in Part2^Full Model Assembly (1)-1
2026-09-25 17:57:11,155 INFO  ExportHelperExtension.cs: 1145 - Found 0 features of type [RefAxis] in Part2^Full Model Assembly (1)-1
2026-09-25 17:57:11,155 INFO  ExportHelperExtension.cs: 1125 - Retrieving features of type [RefAxis] from camera-eHD_3.0_with_WL_STEP_Public-2
2026-09-25 17:57:11,155 INFO  ExportHelperExtension.cs: 1136 - Found 23 in camera-eHD_3.0_with_WL_STEP_Public-2
2026-09-25 17:57:11,155 INFO  ExportHelperExtension.cs: 1145 - Found 0 features of type [RefAxis] in camera-eHD_3.0_with_WL_STEP_Public-2
2026-09-25 17:57:11,157 INFO  ExportHelperExtension.cs: 1125 - Retrieving features of type [RefAxis] from Power Capsule Assembly-1
2026-09-25 17:57:11,157 INFO  ExportHelperExtension.cs: 1136 - Found 44 in Power Capsule Assembly-1
2026-09-25 17:57:11,157 INFO  ExportHelperExtension.cs: 1145 - Found 0 features of type [RefAxis] in Power Capsule Assembly-1
2026-09-25 17:57:11,159 INFO  ExportHelperExtension.cs: 1125 - Retrieving features of type [RefAxis] from Signal Capsule Assembly-1
2026-09-25 17:57:11,159 INFO  ExportHelperExtension.cs: 1136 - Found 61 in Signal Capsule Assembly-1
2026-09-25 17:57:11,159 INFO  ExportHelperExtension.cs: 1145 - Found 0 features of type [RefAxis] in Signal Capsule Assembly-1
2026-09-25 17:57:11,159 INFO  ExportHelperExtension.cs: 1125 - Retrieving features of type [RefAxis] from Modem Mount-1
2026-09-25 17:57:11,161 INFO  ExportHelperExtension.cs: 1136 - Found 35 in Modem Mount-1
2026-09-25 17:57:11,161 INFO  ExportHelperExtension.cs: 1145 - Found 0 features of type [RefAxis] in Modem Mount-1
2026-09-25 17:57:11,161 INFO  ExportHelperExtension.cs: 1125 - Retrieving features of type [RefAxis] from Pressure_Sensor_9_21_24-1
2026-09-25 17:57:11,163 INFO  ExportHelperExtension.cs: 1136 - Found 36 in Pressure_Sensor_9_21_24-1
2026-09-25 17:57:11,163 INFO  ExportHelperExtension.cs: 1145 - Found 0 features of type [RefAxis] in Pressure_Sensor_9_21_24-1
2026-09-25 17:57:11,163 INFO  ExportHelperExtension.cs: 1125 - Retrieving features of type [RefAxis] from thruster middle mounting assembly mockup - MIRROR-1
2026-09-25 17:57:11,165 INFO  ExportHelperExtension.cs: 1136 - Found 87 in thruster middle mounting assembly mockup - MIRROR-1
2026-09-25 17:57:11,165 INFO  ExportHelperExtension.cs: 1145 - Found 0 features of type [RefAxis] in thruster middle mounting assembly mockup - MIRROR-1
2026-09-25 17:57:14,475 INFO  SwAddin.cs: 339 - Loading config tree
2026-09-25 17:57:14,481 INFO  ConfigurationSerialization.cs: 276 - URDF Configuration found
<Link z:Id="i1" xmlns="http://schemas.datacontract.org/2004/07/SW2URDF" xmlns:i="http://www.w3.org/2001/XMLSchema-instance" xmlns:z="http://schemas.microsoft.com/2003/10/Serialization/"><Attributes><Attribute z:Id="i2"><AttributeType>name</AttributeType><IsRequired>true</IsRequired><Value i:type="a:string" xmlns:a="http://www.w3.org/2001/XMLSchema">base_link</Value></Attribute></Attributes><ChildElements><URDFElement z:Id="i3" i:type="Inertial"><Attributes/><ChildElements><URDFElement z:Id="i4" i:type="Origin"><Attributes><Attribute z:Id="i5"><AttributeType>xyz</AttributeType><IsRequired>true</IsRequired><Value i:type="a:ArrayOfdouble" xmlns:a="http://schemas.microsoft.com/2003/10/Serialization/Arrays"><a:double>-0.022224999999999995</a:double><a:double>0.047338681873306587</a:double><a:double>7.0422199957108511E-07</a:double></Value></Attribute><Attribute z:Id="i6"><AttributeType>rpy</AttributeType><IsRequired>true</IsRequired><Value i:type="a:ArrayOfdouble" xmlns:a="http://schemas.microsoft.com/2003/10/Serialization/Arrays"><a:double>0</a:double><a:double>0</a:double><a:double>0</a:double></Value></Attribute></Attributes><ChildElements/><ElementName>origin</ElementName><required>false</required><RPYAttribute z:Ref="i6"/><XYZAttribute z:Ref="i5"/><isCustomized>false</isCustomized></URDFElement><URDFElement z:Id="i7" i:type="Mass"><Attributes><Attribute z:Id="i8"><AttributeType>value</AttributeType><IsRequired>true</IsRequired><Value i:type="a:double" xmlns:a="http://www.w3.org/2001/XMLSchema">0.12788437377049863</Value></Attribute></Attributes><ChildElements/><ElementName>mass</ElementName><required>false</required><ValueAttribute z:Ref="i8"/></URDFElement><URDFElement z:Id="i9" i:type="Inertia"><Attributes><Attribute z:Id="i10"><AttributeType>ixx</AttributeType><IsRequired>true</IsRequired><Value i:type="a:double" xmlns:a="http://www.w3.org/2001/XMLSchema">0.00027148584925245272</Value></Attribute><Attribute z:Id="i11"><AttributeType>ixy</AttributeType><IsRequired>true</IsRequired><Value i:type="a:double" xmlns:a="http://www.w3.org/2001/XMLSchema">1.4683288976193931E-20</Value></Attribute><Attribute z:Id="i12"><AttributeType>ixz</AttributeType><IsRequired>true</IsRequired><Value i:type="a:double" xmlns:a="http://www.w3.org/2001/XMLSchema">-2.7511802165677195E-13</Value></Attribute><Attribute z:Id="i13"><AttributeType>iyy</AttributeType><IsRequired>true</IsRequired><Value i:type="a:double" xmlns:a="http://www.w3.org/2001/XMLSchema">8.6801431408111191E-05</Value></Attribute><Attribute z:Id="i14"><AttributeType>iyz</AttributeType><IsRequired>true</IsRequired><Value i:type="a:double" xmlns:a="http://www.w3.org/2001/XMLSchema">4.2304703857949662E-09</Value></Attribute><Attribute z:Id="i15"><AttributeType>izz</AttributeType><IsRequired>true</IsRequired><Value i:type="a:double" xmlns:a="http://www.w3.org/2001/XMLSchema">0.00021019783554942215</Value></Attribute></Attributes><ChildElements/><ElementName>inertia</ElementName><required>false</required><IxxAttribute z:Ref="i10"/><IxyAttribute z:Ref="i11"/><IxzAttribute z:Ref="i12"/><IyyAttribute z:Ref="i13"/><IyzAttribute z:Ref="i14"/><IzzAttribute z:Ref="i15"/></URDFElement></ChildElements><ElementName>inertial</ElementName><required>false</required><Inertia z:Ref="i9"/><Mass z:Ref="i7"/><Origin z:Ref="i4"/></URDFElement><URDFElement z:Id="i16" i:type="Visual"><Attributes/><ChildElements><URDFElement z:Id="i17" i:type="Origin"><Attributes><Attribute z:Id="i18"><AttributeType>xyz</AttributeType><IsRequired>true</IsRequired><Value i:type="a:ArrayOfdouble" xmlns:a="http://schemas.microsoft.com/2003/10/Serialization/Arrays"><a:double>0</a:double><a:double>0</a:double><a:double>0</a:double></Value></Attribute><Attribute z:Id="i19"><AttributeType>rpy</AttributeType><IsRequired>true</IsRequired><Value i:type="a:ArrayOfdouble" xmlns:a="http://schemas.microsoft.com/2003/10/Serialization/Arrays"><a:double>0</a:double><a:double>0</a:double><a:double>0</a:double></Value></Attribute></Attributes><ChildElements/><ElementName>origin</ElementName><required>false</required><RPYAttribute z:Ref="i19"/><XYZAttribute z:Ref="i18"/><isCustomized>false</isCustomized></URDFElement><URDFElement z:Id="i20" i:type="Geometry"><Attributes/><ChildElements><URDFElement z:Id="i21" i:type="Mesh"><Attributes><Attribute z:Id="i22"><AttributeType>filename</AttributeType><IsRequired>true</IsRequired><Value i:nil="true"/></Attribute></Attributes><ChildElements/><ElementName>mesh</ElementName><required>false</required><FilenameAttribute z:Ref="i22"/></URDFElement></ChildElements><ElementName>geometry</ElementName><required>true</required><Mesh z:Ref="i21"/></URDFElement><URDFElement z:Id="i23" i:type="Material"><Attributes><Attribute z:Id="i24"><AttributeType>name</AttributeType><IsRequired>true</IsRequired><Value i:type="a:string" xmlns:a="http://www.w3.org/2001/XMLSchema"/></Attribute></Attributes><ChildElements><URDFElement z:Id="i25" i:type="Color"><Attributes><Attribute z:Id="i26"><AttributeType>rgba</AttributeType><IsRequired>true</IsRequired><Value i:type="a:ArrayOfdouble" xmlns:a="http://schemas.microsoft.com/2003/10/Serialization/Arrays"><a:double>0.69803921568627447</a:double><a:double>0.69803921568627447</a:double><a:double>0.69803921568627447</a:double><a:double>1</a:double></Value></Attribute></Attributes><ChildElements/><ElementName>color</ElementName><required>false</required><RGBAAttribute z:Ref="i26"/></URDFElement><URDFElement z:Id="i27" i:type="Texture"><Attributes><Attribute z:Id="i28"><AttributeType>filename</AttributeType><IsRequired>true</IsRequired><Value i:nil="true"/></Attribute></Attributes><ChildElements/><ElementName>texture</ElementName><required>false</required><FilenameAttribute z:Ref="i28"/><wFilename/></URDFElement></ChildElements><ElementName>material</ElementName><required>false</required><Color z:Ref="i25"/><NameAttribute z:Ref="i24"/><Texture z:Ref="i27"/></URDFElement></ChildElements><ElementName>visual</ElementName><required>false</required><Geometry z:Ref="i20"/><Material z:Ref="i23"/><Origin z:Ref="i17"/></URDFElement><URDFElement z:Id="i29" i:type="Collision"><Attributes/><ChildElements><URDFElement z:Id="i30" i:type="Origin"><Attributes><Attribute z:Id="i31"><AttributeType>xyz</AttributeType><IsRequired>true</IsRequired><Value i:type="a:ArrayOfdouble" xmlns:a="http://schemas.microsoft.com/2003/10/Serialization/Arrays"><a:double>0</a:double><a:double>0</a:double><a:double>0</a:double></Value></Attribute><Attribute z:Id="i32"><AttributeType>rpy</AttributeType><IsRequired>true</IsRequired><Value i:type="a:ArrayOfdouble" xmlns:a="http://schemas.microsoft.com/2003/10/Serialization/Arrays"><a:double>0</a:double><a:double>0</a:double><a:double>0</a:double></Value></Attribute></Attributes><ChildElements/><ElementName>origin</ElementName><required>false</required><RPYAttribute z:Ref="i32"/><XYZAttribute z:Ref="i31"/><isCustomized>false</isCustomized></URDFElement><URDFElement z:Id="i33" i:type="Geometry"><Attributes/><ChildElements><URDFElement z:Id="i34" i:type="Mesh"><Attributes><Attribute z:Id="i35"><AttributeType>filename</AttributeType><IsRequired>true</IsRequired><Value i:nil="true"/></Attribute></Attributes><ChildElements/><ElementName>mesh</ElementName><required>false</required><FilenameAttribute z:Ref="i35"/></URDFElement></ChildElements><ElementName>geometry</ElementName><required>true</required><Mesh z:Ref="i34"/></URDFElement></ChildElements><ElementName>collision</ElementName><required>false</required><Geometry z:Ref="i33"/><Origin z:Ref="i30"/></URDFElement><URDFElement z:Id="i36" i:type="Joint"><Attributes><Attribute z:Id="i37"><AttributeType>name</AttributeType><IsRequired>true</IsRequired><Value i:type="a:string" xmlns:a="http://www.w3.org/2001/XMLSchema"/></Attribute><Attribute z:Id="i38"><AttributeType>type</AttributeType><IsRequired>true</IsRequired><Value i:type="a:string" xmlns:a="http://www.w3.org/2001/XMLSchema"/></Attribute></Attributes><ChildElements><URDFElement z:Id="i39" i:type="Origin"><Attributes><Attribute z:Id="i40"><AttributeType>xyz</AttributeType><IsRequired>true</IsRequired><Value i:type="a:ArrayOfdouble" xmlns:a="http://schemas.microsoft.com/2003/10/Serialization/Arrays"><a:double>0</a:double><a:double>0</a:double><a:double>0</a:double></Value></Attribute><Attribute z:Id="i41"><AttributeType>rpy</AttributeType><IsRequired>true</IsRequired><Value i:type="a:ArrayOfdouble" xmlns:a="http://schemas.microsoft.com/2003/10/Serialization/Arrays"><a:double>0</a:double><a:double>0</a:double><a:double>0</a:double></Value></Attribute></Attributes><ChildElements/><ElementName>origin</ElementName><required>false</required><RPYAttribute z:Ref="i41"/><XYZAttribute z:Ref="i40"/><isCustomized>false</isCustomized></URDFElement><URDFElement z:Id="i42" i:type="ParentLink"><Attributes><Attribute z:Id="i43"><AttributeType>link</AttributeType><IsRequired>true</IsRequired><Value i:type="a:string" xmlns:a="http://www.w3.org/2001/XMLSchema"/></Attribute></Attributes><ChildElements/><ElementName>parent</ElementName><required>true</required><NameAttribute z:Ref="i43"/></URDFElement><URDFElement z:Id="i44" i:type="ChildLink"><Attributes><Attribute z:Id="i45"><AttributeType>link</AttributeType><IsRequired>true</IsRequired><Value i:type="a:string" xmlns:a="http://www.w3.org/2001/XMLSchema"/></Attribute></Attributes><ChildElements/><ElementName>child</ElementName><required>true</required><NameAttribute z:Ref="i45"/></URDFElement><URDFElement z:Id="i46" i:type="Axis"><Attributes><Attribute z:Id="i47"><AttributeType>xyz</AttributeType><IsRequired>true</IsRequired><Value i:type="a:ArrayOfdouble" xmlns:a="http://schemas.microsoft.com/2003/10/Serialization/Arrays"><a:double>0</a:double><a:double>0</a:double><a:double>0</a:double></Value></Attribute></Attributes><ChildElements/><ElementName>axis</ElementName><required>false</required><XYZAttribute z:Ref="i47"/></URDFElement><URDFElement z:Id="i48" i:type="Limit"><Attributes><Attribute z:Id="i49"><AttributeType>lower</AttributeType><IsRequired>false</IsRequired><Value i:nil="true"/></Attribute><Attribute z:Id="i50"><AttributeType>upper</AttributeType><IsRequired>false</IsRequired><Value i:nil="true"/></Attribute><Attribute z:Id="i51"><AttributeType>effort</AttributeType><IsRequired>true</IsRequired><Value i:nil="true"/></Attribute><Attribute z:Id="i52"><AttributeType>velocity</AttributeType><IsRequired>true</IsRequired><Value i:nil="true"/></Attribute></Attributes><ChildElements/><ElementName>limit</ElementName><required>false</required><EffortAttribute z:Ref="i51"/><LowerAttribute z:Ref="i49"/><UpperAttribute z:Ref="i50"/><VelocityAttribute z:Ref="i52"/></URDFElement><URDFElement z:Id="i53" i:type="Calibration"><Attributes><Attribute z:Id="i54"><AttributeType>rising</AttributeType><IsRequired>false</IsRequired><Value i:nil="true"/></Attribute><Attribute z:Id="i55"><AttributeType>falling</AttributeType><IsRequired>false</IsRequired><Value i:nil="true"/></Attribute></Attributes><ChildElements/><ElementName>calibration</ElementName><required>false</required><FallingAttribute z:Ref="i55"/><RisingAttribute z:Ref="i54"/></URDFElement><URDFElement z:Id="i56" i:type="Dynamics"><Attributes><Attribute z:Id="i57"><AttributeType>damping</AttributeType><IsRequired>false</IsRequired><Value i:nil="true"/></Attribute><Attribute z:Id="i58"><AttributeType>friction</AttributeType><IsRequired>false</IsRequired><Value i:nil="true"/></Attribute></Attributes><ChildElements/><ElementName>dynamics</ElementName><required>false</required><DampingAttribute z:Ref="i57"/><FrictionAttribute z:Ref="i58"/></URDFElement><URDFElement z:Id="i59" i:type="SafetyController"><Attributes><Attribute z:Id="i60"><AttributeType>soft_upper_limit</AttributeType><IsRequired>false</IsRequired><Value i:nil="true"/></Attribute><Attribute z:Id="i61"><AttributeType>soft_lower_limit</AttributeType><IsRequired>false</IsRequired><Value i:nil="true"/></Attribute><Attribute z:Id="i62"><AttributeType>k_position</AttributeType><IsRequired>false</IsRequired><Value i:nil="true"/></Attribute><Attribute z:Id="i63"><AttributeType>k_velocity</AttributeType><IsRequired>true</IsRequired><Value i:nil="true"/></Attribute></Attributes><ChildElements/><ElementName>safety_controller</ElementName><required>false</required><KPositionAttribute z:Ref="i62"/><KVelocityAttribute z:Ref="i63"/><SoftLowerAttribute z:Ref="i61"/><SoftUpperAttribute z:Ref="i60"/></URDFElement><URDFElement z:Id="i64" i:type="Mimic"><Attributes><Attribute z:Id="i65"><AttributeType>joint</AttributeType><IsRequired>true</IsRequired><Value i:nil="true"/></Attribute><Attribute z:Id="i66"><AttributeType>multiplier</AttributeType><IsRequired>false</IsRequired><Value i:nil="true"/></Attribute><Attribute z:Id="i67"><AttributeType>offset</AttributeType><IsRequired>false</IsRequired><Value i:nil="true"/></Attribute></Attributes><ChildElements/><ElementName>mimic</ElementName><required>false</required><JointNameAttribute z:Ref="i65"/><MultiplierAttribute z:Ref="i66"/><OffsetAttribute z:Ref="i67"/></URDFElement></ChildElements><ElementName>joint</ElementName><required>false</required><Axis z:Ref="i46"/><AxisName/><Calibration z:Ref="i53"/><Child z:Ref="i44"/><CoordinateSystemName>Origin_global</CoordinateSystemName><Dynamics z:Ref="i56"/><Limit z:Ref="i48"/><Mimic z:Ref="i64"/><NameAttribute z:Ref="i37"/><Origin z:Ref="i39"/><Parent z:Ref="i42"/><Safety z:Ref="i59"/><TypeAttribute z:Ref="i38"/></URDFElement></ChildElements><ElementName>link</ElementName><required>true</required><Children/><Collision z:Ref="i29"/><Inertial z:Ref="i3"/><Joint z:Ref="i36"/><NameAttribute z:Ref="i2"/><Parent i:nil="true"/><STLQualityFine>false</STLQualityFine><SWComponentPIDs xmlns:a="http://schemas.microsoft.com/2003/10/Serialization/Arrays"><a:base64Binary>UEYAAAUAAAD//v8AAAAAAA==</a:base64Binary></SWComponentPIDs><SWMainComponentPID i:nil="true"/><Visual z:Ref="i16"/><isFixedFrame>false</isFixedFrame><isIncomplete>false</isIncomplete></Link>
2026-09-25 17:57:14,565 INFO  LinkNode.cs: 35 - Building node base_link
2026-09-25 17:57:14,567 INFO  CommonSwOperations.cs: 221 - Loading SolidWorks components for base_link from C:\Users\vcm\Downloads\Full Model Assembly (1).SLDASM
2026-09-25 17:57:14,569 INFO  CommonSwOperations.cs: 245 - Loading component with PID PF     ???     
2026-09-25 17:57:14,581 INFO  CommonSwOperations.cs: 254 - Successfully loaded component C:\Users\vcm\Downloads\Full Model Assembly (1).SLDASM
2026-09-25 17:57:14,581 INFO  CommonSwOperations.cs: 230 - Loaded 1 components for link base_link
2026-09-25 17:57:14,590 INFO  SwAddin.cs: 344 - Showing property manager
2026-09-25 17:57:26,242 INFO  ExportPropertyManager.cs: 422 - Configuration saved
2026-09-25 17:57:26,242 INFO  ConfigurationSerialization.cs: 276 - URDF Configuration found
<Link z:Id="i1" xmlns="http://schemas.datacontract.org/2004/07/SW2URDF" xmlns:i="http://www.w3.org/2001/XMLSchema-instance" xmlns:z="http://schemas.microsoft.com/2003/10/Serialization/"><Attributes><Attribute z:Id="i2"><AttributeType>name</AttributeType><IsRequired>true</IsRequired><Value i:type="a:string" xmlns:a="http://www.w3.org/2001/XMLSchema">base_link</Value></Attribute></Attributes><ChildElements><URDFElement z:Id="i3" i:type="Inertial"><Attributes/><ChildElements><URDFElement z:Id="i4" i:type="Origin"><Attributes><Attribute z:Id="i5"><AttributeType>xyz</AttributeType><IsRequired>true</IsRequired><Value i:type="a:ArrayOfdouble" xmlns:a="http://schemas.microsoft.com/2003/10/Serialization/Arrays"><a:double>-0.022224999999999995</a:double><a:double>0.047338681873306587</a:double><a:double>7.0422199957108511E-07</a:double></Value></Attribute><Attribute z:Id="i6"><AttributeType>rpy</AttributeType><IsRequired>true</IsRequired><Value i:type="a:ArrayOfdouble" xmlns:a="http://schemas.microsoft.com/2003/10/Serialization/Arrays"><a:double>0</a:double><a:double>0</a:double><a:double>0</a:double></Value></Attribute></Attributes><ChildElements/><ElementName>origin</ElementName><required>false</required><RPYAttribute z:Ref="i6"/><XYZAttribute z:Ref="i5"/><isCustomized>false</isCustomized></URDFElement><URDFElement z:Id="i7" i:type="Mass"><Attributes><Attribute z:Id="i8"><AttributeType>value</AttributeType><IsRequired>true</IsRequired><Value i:type="a:double" xmlns:a="http://www.w3.org/2001/XMLSchema">0.12788437377049863</Value></Attribute></Attributes><ChildElements/><ElementName>mass</ElementName><required>false</required><ValueAttribute z:Ref="i8"/></URDFElement><URDFElement z:Id="i9" i:type="Inertia"><Attributes><Attribute z:Id="i10"><AttributeType>ixx</AttributeType><IsRequired>true</IsRequired><Value i:type="a:double" xmlns:a="http://www.w3.org/2001/XMLSchema">0.00027148584925245272</Value></Attribute><Attribute z:Id="i11"><AttributeType>ixy</AttributeType><IsRequired>true</IsRequired><Value i:type="a:double" xmlns:a="http://www.w3.org/2001/XMLSchema">1.4683288976193931E-20</Value></Attribute><Attribute z:Id="i12"><AttributeType>ixz</AttributeType><IsRequired>true</IsRequired><Value i:type="a:double" xmlns:a="http://www.w3.org/2001/XMLSchema">-2.7511802165677195E-13</Value></Attribute><Attribute z:Id="i13"><AttributeType>iyy</AttributeType><IsRequired>true</IsRequired><Value i:type="a:double" xmlns:a="http://www.w3.org/2001/XMLSchema">8.6801431408111191E-05</Value></Attribute><Attribute z:Id="i14"><AttributeType>iyz</AttributeType><IsRequired>true</IsRequired><Value i:type="a:double" xmlns:a="http://www.w3.org/2001/XMLSchema">4.2304703857949662E-09</Value></Attribute><Attribute z:Id="i15"><AttributeType>izz</AttributeType><IsRequired>true</IsRequired><Value i:type="a:double" xmlns:a="http://www.w3.org/2001/XMLSchema">0.00021019783554942215</Value></Attribute></Attributes><ChildElements/><ElementName>inertia</ElementName><required>false</required><IxxAttribute z:Ref="i10"/><IxyAttribute z:Ref="i11"/><IxzAttribute z:Ref="i12"/><IyyAttribute z:Ref="i13"/><IyzAttribute z:Ref="i14"/><IzzAttribute z:Ref="i15"/></URDFElement></ChildElements><ElementName>inertial</ElementName><required>false</required><Inertia z:Ref="i9"/><Mass z:Ref="i7"/><Origin z:Ref="i4"/></URDFElement><URDFElement z:Id="i16" i:type="Visual"><Attributes/><ChildElements><URDFElement z:Id="i17" i:type="Origin"><Attributes><Attribute z:Id="i18"><AttributeType>xyz</AttributeType><IsRequired>true</IsRequired><Value i:type="a:ArrayOfdouble" xmlns:a="http://schemas.microsoft.com/2003/10/Serialization/Arrays"><a:double>0</a:double><a:double>0</a:double><a:double>0</a:double></Value></Attribute><Attribute z:Id="i19"><AttributeType>rpy</AttributeType><IsRequired>true</IsRequired><Value i:type="a:ArrayOfdouble" xmlns:a="http://schemas.microsoft.com/2003/10/Serialization/Arrays"><a:double>0</a:double><a:double>0</a:double><a:double>0</a:double></Value></Attribute></Attributes><ChildElements/><ElementName>origin</ElementName><required>false</required><RPYAttribute z:Ref="i19"/><XYZAttribute z:Ref="i18"/><isCustomized>false</isCustomized></URDFElement><URDFElement z:Id="i20" i:type="Geometry"><Attributes/><ChildElements><URDFElement z:Id="i21" i:type="Mesh"><Attributes><Attribute z:Id="i22"><AttributeType>filename</AttributeType><IsRequired>true</IsRequired><Value i:nil="true"/></Attribute></Attributes><ChildElements/><ElementName>mesh</ElementName><required>false</required><FilenameAttribute z:Ref="i22"/></URDFElement></ChildElements><ElementName>geometry</ElementName><required>true</required><Mesh z:Ref="i21"/></URDFElement><URDFElement z:Id="i23" i:type="Material"><Attributes><Attribute z:Id="i24"><AttributeType>name</AttributeType><IsRequired>true</IsRequired><Value i:type="a:string" xmlns:a="http://www.w3.org/2001/XMLSchema"/></Attribute></Attributes><ChildElements><URDFElement z:Id="i25" i:type="Color"><Attributes><Attribute z:Id="i26"><AttributeType>rgba</AttributeType><IsRequired>true</IsRequired><Value i:type="a:ArrayOfdouble" xmlns:a="http://schemas.microsoft.com/2003/10/Serialization/Arrays"><a:double>0.69803921568627447</a:double><a:double>0.69803921568627447</a:double><a:double>0.69803921568627447</a:double><a:double>1</a:double></Value></Attribute></Attributes><ChildElements/><ElementName>color</ElementName><required>false</required><RGBAAttribute z:Ref="i26"/></URDFElement><URDFElement z:Id="i27" i:type="Texture"><Attributes><Attribute z:Id="i28"><AttributeType>filename</AttributeType><IsRequired>true</IsRequired><Value i:nil="true"/></Attribute></Attributes><ChildElements/><ElementName>texture</ElementName><required>false</required><FilenameAttribute z:Ref="i28"/><wFilename/></URDFElement></ChildElements><ElementName>material</ElementName><required>false</required><Color z:Ref="i25"/><NameAttribute z:Ref="i24"/><Texture z:Ref="i27"/></URDFElement></ChildElements><ElementName>visual</ElementName><required>false</required><Geometry z:Ref="i20"/><Material z:Ref="i23"/><Origin z:Ref="i17"/></URDFElement><URDFElement z:Id="i29" i:type="Collision"><Attributes/><ChildElements><URDFElement z:Id="i30" i:type="Origin"><Attributes><Attribute z:Id="i31"><AttributeType>xyz</AttributeType><IsRequired>true</IsRequired><Value i:type="a:ArrayOfdouble" xmlns:a="http://schemas.microsoft.com/2003/10/Serialization/Arrays"><a:double>0</a:double><a:double>0</a:double><a:double>0</a:double></Value></Attribute><Attribute z:Id="i32"><AttributeType>rpy</AttributeType><IsRequired>true</IsRequired><Value i:type="a:ArrayOfdouble" xmlns:a="http://schemas.microsoft.com/2003/10/Serialization/Arrays"><a:double>0</a:double><a:double>0</a:double><a:double>0</a:double></Value></Attribute></Attributes><ChildElements/><ElementName>origin</ElementName><required>false</required><RPYAttribute z:Ref="i32"/><XYZAttribute z:Ref="i31"/><isCustomized>false</isCustomized></URDFElement><URDFElement z:Id="i33" i:type="Geometry"><Attributes/><ChildElements><URDFElement z:Id="i34" i:type="Mesh"><Attributes><Attribute z:Id="i35"><AttributeType>filename</AttributeType><IsRequired>true</IsRequired><Value i:nil="true"/></Attribute></Attributes><ChildElements/><ElementName>mesh</ElementName><required>false</required><FilenameAttribute z:Ref="i35"/></URDFElement></ChildElements><ElementName>geometry</ElementName><required>true</required><Mesh z:Ref="i34"/></URDFElement></ChildElements><ElementName>collision</ElementName><required>false</required><Geometry z:Ref="i33"/><Origin z:Ref="i30"/></URDFElement><URDFElement z:Id="i36" i:type="Joint"><Attributes><Attribute z:Id="i37"><AttributeType>name</AttributeType><IsRequired>true</IsRequired><Value i:type="a:string" xmlns:a="http://www.w3.org/2001/XMLSchema"/></Attribute><Attribute z:Id="i38"><AttributeType>type</AttributeType><IsRequired>true</IsRequired><Value i:type="a:string" xmlns:a="http://www.w3.org/2001/XMLSchema"/></Attribute></Attributes><ChildElements><URDFElement z:Id="i39" i:type="Origin"><Attributes><Attribute z:Id="i40"><AttributeType>xyz</AttributeType><IsRequired>true</IsRequired><Value i:type="a:ArrayOfdouble" xmlns:a="http://schemas.microsoft.com/2003/10/Serialization/Arrays"><a:double>0</a:double><a:double>0</a:double><a:double>0</a:double></Value></Attribute><Attribute z:Id="i41"><AttributeType>rpy</AttributeType><IsRequired>true</IsRequired><Value i:type="a:ArrayOfdouble" xmlns:a="http://schemas.microsoft.com/2003/10/Serialization/Arrays"><a:double>0</a:double><a:double>0</a:double><a:double>0</a:double></Value></Attribute></Attributes><ChildElements/><ElementName>origin</ElementName><required>false</required><RPYAttribute z:Ref="i41"/><XYZAttribute z:Ref="i40"/><isCustomized>false</isCustomized></URDFElement><URDFElement z:Id="i42" i:type="ParentLink"><Attributes><Attribute z:Id="i43"><AttributeType>link</AttributeType><IsRequired>true</IsRequired><Value i:type="a:string" xmlns:a="http://www.w3.org/2001/XMLSchema"/></Attribute></Attributes><ChildElements/><ElementName>parent</ElementName><required>true</required><NameAttribute z:Ref="i43"/></URDFElement><URDFElement z:Id="i44" i:type="ChildLink"><Attributes><Attribute z:Id="i45"><AttributeType>link</AttributeType><IsRequired>true</IsRequired><Value i:type="a:string" xmlns:a="http://www.w3.org/2001/XMLSchema"/></Attribute></Attributes><ChildElements/><ElementName>child</ElementName><required>true</required><NameAttribute z:Ref="i45"/></URDFElement><URDFElement z:Id="i46" i:type="Axis"><Attributes><Attribute z:Id="i47"><AttributeType>xyz</AttributeType><IsRequired>true</IsRequired><Value i:type="a:ArrayOfdouble" xmlns:a="http://schemas.microsoft.com/2003/10/Serialization/Arrays"><a:double>0</a:double><a:double>0</a:double><a:double>0</a:double></Value></Attribute></Attributes><ChildElements/><ElementName>axis</ElementName><required>false</required><XYZAttribute z:Ref="i47"/></URDFElement><URDFElement z:Id="i48" i:type="Limit"><Attributes><Attribute z:Id="i49"><AttributeType>lower</AttributeType><IsRequired>false</IsRequired><Value i:nil="true"/></Attribute><Attribute z:Id="i50"><AttributeType>upper</AttributeType><IsRequired>false</IsRequired><Value i:nil="true"/></Attribute><Attribute z:Id="i51"><AttributeType>effort</AttributeType><IsRequired>true</IsRequired><Value i:nil="true"/></Attribute><Attribute z:Id="i52"><AttributeType>velocity</AttributeType><IsRequired>true</IsRequired><Value i:nil="true"/></Attribute></Attributes><ChildElements/><ElementName>limit</ElementName><required>false</required><EffortAttribute z:Ref="i51"/><LowerAttribute z:Ref="i49"/><UpperAttribute z:Ref="i50"/><VelocityAttribute z:Ref="i52"/></URDFElement><URDFElement z:Id="i53" i:type="Calibration"><Attributes><Attribute z:Id="i54"><AttributeType>rising</AttributeType><IsRequired>false</IsRequired><Value i:nil="true"/></Attribute><Attribute z:Id="i55"><AttributeType>falling</AttributeType><IsRequired>false</IsRequired><Value i:nil="true"/></Attribute></Attributes><ChildElements/><ElementName>calibration</ElementName><required>false</required><FallingAttribute z:Ref="i55"/><RisingAttribute z:Ref="i54"/></URDFElement><URDFElement z:Id="i56" i:type="Dynamics"><Attributes><Attribute z:Id="i57"><AttributeType>damping</AttributeType><IsRequired>false</IsRequired><Value i:nil="true"/></Attribute><Attribute z:Id="i58"><AttributeType>friction</AttributeType><IsRequired>false</IsRequired><Value i:nil="true"/></Attribute></Attributes><ChildElements/><ElementName>dynamics</ElementName><required>false</required><DampingAttribute z:Ref="i57"/><FrictionAttribute z:Ref="i58"/></URDFElement><URDFElement z:Id="i59" i:type="SafetyController"><Attributes><Attribute z:Id="i60"><AttributeType>soft_upper_limit</AttributeType><IsRequired>false</IsRequired><Value i:nil="true"/></Attribute><Attribute z:Id="i61"><AttributeType>soft_lower_limit</AttributeType><IsRequired>false</IsRequired><Value i:nil="true"/></Attribute><Attribute z:Id="i62"><AttributeType>k_position</AttributeType><IsRequired>false</IsRequired><Value i:nil="true"/></Attribute><Attribute z:Id="i63"><AttributeType>k_velocity</AttributeType><IsRequired>true</IsRequired><Value i:nil="true"/></Attribute></Attributes><ChildElements/><ElementName>safety_controller</ElementName><required>false</required><KPositionAttribute z:Ref="i62"/><KVelocityAttribute z:Ref="i63"/><SoftLowerAttribute z:Ref="i61"/><SoftUpperAttribute z:Ref="i60"/></URDFElement><URDFElement z:Id="i64" i:type="Mimic"><Attributes><Attribute z:Id="i65"><AttributeType>joint</AttributeType><IsRequired>true</IsRequired><Value i:nil="true"/></Attribute><Attribute z:Id="i66"><AttributeType>multiplier</AttributeType><IsRequired>false</IsRequired><Value i:nil="true"/></Attribute><Attribute z:Id="i67"><AttributeType>offset</AttributeType><IsRequired>false</IsRequired><Value i:nil="true"/></Attribute></Attributes><ChildElements/><ElementName>mimic</ElementName><required>false</required><JointNameAttribute z:Ref="i65"/><MultiplierAttribute z:Ref="i66"/><OffsetAttribute z:Ref="i67"/></URDFElement></ChildElements><ElementName>joint</ElementName><required>false</required><Axis z:Ref="i46"/><AxisName/><Calibration z:Ref="i53"/><Child z:Ref="i44"/><CoordinateSystemName>Origin_global</CoordinateSystemName><Dynamics z:Ref="i56"/><Limit z:Ref="i48"/><Mimic z:Ref="i64"/><NameAttribute z:Ref="i37"/><Origin z:Ref="i39"/><Parent z:Ref="i42"/><Safety z:Ref="i59"/><TypeAttribute z:Ref="i38"/></URDFElement></ChildElements><ElementName>link</ElementName><required>true</required><Children/><Collision z:Ref="i29"/><Inertial z:Ref="i3"/><Joint z:Ref="i36"/><NameAttribute z:Ref="i2"/><Parent i:nil="true"/><STLQualityFine>false</STLQualityFine><SWComponentPIDs xmlns:a="http://schemas.microsoft.com/2003/10/Serialization/Arrays"><a:base64Binary>UEYAAAUAAAD//v8AAAAAAA==</a:base64Binary></SWComponentPIDs><SWMainComponentPID i:nil="true"/><Visual z:Ref="i16"/><isFixedFrame>false</isFixedFrame><isIncomplete>false</isIncomplete></Link>
2026-09-25 17:57:27,413 INFO  ExportPropertyManager.cs: 1142 - AfterClose called. This method no longer throws an Exception. It just silently does nothing. Ok, except for this logging message
2026-09-25 17:58:26,015 INFO  SwAddin.cs: 294 - Assembly export called for file Full Model Assembly (1)
2026-09-25 17:58:26,015 INFO  SwAddin.cs: 299 - Save is required
2026-09-25 17:58:26,015 INFO  SwAddin.cs: 313 - Saving assembly
2026-09-25 17:58:27,416 INFO  SwAddin.cs: 316 - Opening property manager
2026-09-25 17:58:27,422 INFO  ExportHelperExtension.cs: 1125 - Retrieving features of type [CoordSys] from Full Model Assembly (1)
2026-09-25 17:58:27,422 INFO  ExportHelperExtension.cs: 1136 - Found 225 in Full Model Assembly (1)
2026-09-25 17:58:27,424 INFO  ExportHelperExtension.cs: 1145 - Found 1 features of type [CoordSys] in Full Model Assembly (1)
2026-09-25 17:58:27,424 INFO  ExportHelperExtension.cs: 1148 - Proceeding through assembly components
2026-09-25 17:58:27,424 INFO  ExportHelperExtension.cs: 1160 - 44 components to check
2026-09-25 17:58:27,424 INFO  ExportHelperExtension.cs: 1125 - Retrieving features of type [CoordSys] from Mockup2-2
2026-09-25 17:58:27,426 INFO  ExportHelperExtension.cs: 1136 - Found 37 in Mockup2-2
2026-09-25 17:58:27,426 INFO  ExportHelperExtension.cs: 1145 - Found 0 features of type [CoordSys] in Mockup2-2
2026-09-25 17:58:27,426 INFO  ExportHelperExtension.cs: 1125 - Retrieving features of type [CoordSys] from SideFrame1_nmw37_10_19_24-1
2026-09-25 17:58:27,428 INFO  ExportHelperExtension.cs: 1136 - Found 32 in SideFrame1_nmw37_10_19_24-1
2026-09-25 17:58:27,428 INFO  ExportHelperExtension.cs: 1145 - Found 0 features of type [CoordSys] in SideFrame1_nmw37_10_19_24-1
2026-09-25 17:58:27,428 INFO  ExportHelperExtension.cs: 1125 - Retrieving features of type [CoordSys] from Mockup2-1
2026-09-25 17:58:27,430 INFO  ExportHelperExtension.cs: 1136 - Found 37 in Mockup2-1
2026-09-25 17:58:27,430 INFO  ExportHelperExtension.cs: 1145 - Found 0 features of type [CoordSys] in Mockup2-1
2026-09-25 17:58:27,432 INFO  ExportHelperExtension.cs: 1125 - Retrieving features of type [CoordSys] from FINAL backplate Frame Mounts-1
2026-09-25 17:58:27,432 INFO  ExportHelperExtension.cs: 1136 - Found 58 in FINAL backplate Frame Mounts-1
2026-09-25 17:58:27,432 INFO  ExportHelperExtension.cs: 1145 - Found 0 features of type [CoordSys] in FINAL backplate Frame Mounts-1
2026-09-25 17:58:27,432 INFO  ExportHelperExtension.cs: 1125 - Retrieving features of type [CoordSys] from CapsuleCap cg376 1010-3
2026-09-25 17:58:27,434 INFO  ExportHelperExtension.cs: 1136 - Found 34 in CapsuleCap cg376 1010-3
2026-09-25 17:58:27,434 INFO  ExportHelperExtension.cs: 1145 - Found 0 features of type [CoordSys] in CapsuleCap cg376 1010-3
2026-09-25 17:58:27,434 INFO  ExportHelperExtension.cs: 1125 - Retrieving features of type [CoordSys] from CapsuleCap cg376 1010-2
2026-09-25 17:58:27,436 INFO  ExportHelperExtension.cs: 1136 - Found 34 in CapsuleCap cg376 1010-2
2026-09-25 17:58:27,436 INFO  ExportHelperExtension.cs: 1145 - Found 0 features of type [CoordSys] in CapsuleCap cg376 1010-2
2026-09-25 17:58:27,436 INFO  ExportHelperExtension.cs: 1125 - Retrieving features of type [CoordSys] from through hole_L bracket_rzc_10_5_24-5
2026-09-25 17:58:27,436 INFO  ExportHelperExtension.cs: 1136 - Found 36 in through hole_L bracket_rzc_10_5_24-5
2026-09-25 17:58:27,438 INFO  ExportHelperExtension.cs: 1145 - Found 0 features of type [CoordSys] in through hole_L bracket_rzc_10_5_24-5
2026-09-25 17:58:27,438 INFO  ExportHelperExtension.cs: 1125 - Retrieving features of type [CoordSys] from Metal_Bar-3
2026-09-25 17:58:27,438 INFO  ExportHelperExtension.cs: 1136 - Found 29 in Metal_Bar-3
2026-09-25 17:58:27,438 INFO  ExportHelperExtension.cs: 1145 - Found 0 features of type [CoordSys] in Metal_Bar-3
2026-09-25 17:58:27,438 INFO  ExportHelperExtension.cs: 1125 - Retrieving features of type [CoordSys] from Metal_Bar-1
2026-09-25 17:58:27,440 INFO  ExportHelperExtension.cs: 1136 - Found 29 in Metal_Bar-1
2026-09-25 17:58:27,440 INFO  ExportHelperExtension.cs: 1145 - Found 0 features of type [CoordSys] in Metal_Bar-1
2026-09-25 17:58:27,440 INFO  ExportHelperExtension.cs: 1125 - Retrieving features of type [CoordSys] from SideFrame1_nmw37_10_19_24-2
2026-09-25 17:58:27,440 INFO  ExportHelperExtension.cs: 1136 - Found 32 in SideFrame1_nmw37_10_19_24-2
2026-09-25 17:58:27,442 INFO  ExportHelperExtension.cs: 1145 - Found 0 features of type [CoordSys] in SideFrame1_nmw37_10_19_24-2
2026-09-25 17:58:27,442 INFO  ExportHelperExtension.cs: 1125 - Retrieving features of type [CoordSys] from through hole_L bracket_rzc_10_5_24-2
2026-09-25 17:58:27,442 INFO  ExportHelperExtension.cs: 1136 - Found 36 in through hole_L bracket_rzc_10_5_24-2
2026-09-25 17:58:27,442 INFO  ExportHelperExtension.cs: 1145 - Found 0 features of type [CoordSys] in through hole_L bracket_rzc_10_5_24-2
2026-09-25 17:58:27,444 INFO  ExportHelperExtension.cs: 1125 - Retrieving features of type [CoordSys] from Metal_Bar-2
2026-09-25 17:58:27,444 INFO  ExportHelperExtension.cs: 1136 - Found 29 in Metal_Bar-2
2026-09-25 17:58:27,444 INFO  ExportHelperExtension.cs: 1145 - Found 0 features of type [CoordSys] in Metal_Bar-2
2026-09-25 17:58:27,444 INFO  ExportHelperExtension.cs: 1125 - Retrieving features of type [CoordSys] from FINAL backplate Frame Mounts-2
2026-09-25 17:58:27,444 INFO  ExportHelperExtension.cs: 1136 - Found 58 in FINAL backplate Frame Mounts-2
2026-09-25 17:58:27,446 INFO  ExportHelperExtension.cs: 1145 - Found 0 features of type [CoordSys] in FINAL backplate Frame Mounts-2
2026-09-25 17:58:27,446 INFO  ExportHelperExtension.cs: 1125 - Retrieving features of type [CoordSys] from Back Plate cg376 1010-2
2026-09-25 17:58:27,446 INFO  ExportHelperExtension.cs: 1136 - Found 46 in Back Plate cg376 1010-2
2026-09-25 17:58:27,447 INFO  ExportHelperExtension.cs: 1145 - Found 0 features of type [CoordSys] in Back Plate cg376 1010-2
2026-09-25 17:58:27,447 INFO  ExportHelperExtension.cs: 1125 - Retrieving features of type [CoordSys] from through hole_L bracket_rzc_10_5_24-1
2026-09-25 17:58:27,447 INFO  ExportHelperExtension.cs: 1136 - Found 36 in through hole_L bracket_rzc_10_5_24-1
2026-09-25 17:58:27,447 INFO  ExportHelperExtension.cs: 1145 - Found 0 features of type [CoordSys] in through hole_L bracket_rzc_10_5_24-1
2026-09-25 17:58:27,447 INFO  ExportHelperExtension.cs: 1125 - Retrieving features of type [CoordSys] from through hole_L bracket_rzc_10_5_24-3
2026-09-25 17:58:27,447 INFO  ExportHelperExtension.cs: 1136 - Found 36 in through hole_L bracket_rzc_10_5_24-3
2026-09-25 17:58:27,449 INFO  ExportHelperExtension.cs: 1145 - Found 0 features of type [CoordSys] in through hole_L bracket_rzc_10_5_24-3
2026-09-25 17:58:27,449 INFO  ExportHelperExtension.cs: 1125 - Retrieving features of type [CoordSys] from through hole_L bracket_rzc_10_5_24-4
2026-09-25 17:58:27,449 INFO  ExportHelperExtension.cs: 1136 - Found 36 in through hole_L bracket_rzc_10_5_24-4
2026-09-25 17:58:27,449 INFO  ExportHelperExtension.cs: 1145 - Found 0 features of type [CoordSys] in through hole_L bracket_rzc_10_5_24-4
2026-09-25 17:58:27,449 INFO  ExportHelperExtension.cs: 1125 - Retrieving features of type [CoordSys] from through hole_L bracket_rzc_10_5_24-6
2026-09-25 17:58:27,452 INFO  ExportHelperExtension.cs: 1136 - Found 36 in through hole_L bracket_rzc_10_5_24-6
2026-09-25 17:58:27,452 INFO  ExportHelperExtension.cs: 1145 - Found 0 features of type [CoordSys] in through hole_L bracket_rzc_10_5_24-6
2026-09-25 17:58:27,452 INFO  ExportHelperExtension.cs: 1125 - Retrieving features of type [CoordSys] from Metal_Bar-4
2026-09-25 17:58:27,452 INFO  ExportHelperExtension.cs: 1136 - Found 29 in Metal_Bar-4
2026-09-25 17:58:27,452 INFO  ExportHelperExtension.cs: 1145 - Found 0 features of type [CoordSys] in Metal_Bar-4
2026-09-25 17:58:27,454 INFO  ExportHelperExtension.cs: 1125 - Retrieving features of type [CoordSys] from SideThrusterMounting-4
2026-09-25 17:58:27,454 INFO  ExportHelperExtension.cs: 1136 - Found 92 in SideThrusterMounting-4
2026-09-25 17:58:27,454 INFO  ExportHelperExtension.cs: 1145 - Found 0 features of type [CoordSys] in SideThrusterMounting-4
2026-09-25 17:58:27,454 INFO  ExportHelperExtension.cs: 1125 - Retrieving features of type [CoordSys] from through hole_L bracket_rzc_10_5_24-7
2026-09-25 17:58:27,456 INFO  ExportHelperExtension.cs: 1136 - Found 36 in through hole_L bracket_rzc_10_5_24-7
2026-09-25 17:58:27,456 INFO  ExportHelperExtension.cs: 1145 - Found 0 features of type [CoordSys] in through hole_L bracket_rzc_10_5_24-7
2026-09-25 17:58:27,456 INFO  ExportHelperExtension.cs: 1125 - Retrieving features of type [CoordSys] from through hole_L bracket_rzc_10_5_24-8
2026-09-25 17:58:27,456 INFO  ExportHelperExtension.cs: 1136 - Found 36 in through hole_L bracket_rzc_10_5_24-8
2026-09-25 17:58:27,456 INFO  ExportHelperExtension.cs: 1145 - Found 0 features of type [CoordSys] in through hole_L bracket_rzc_10_5_24-8
2026-09-25 17:58:27,458 INFO  ExportHelperExtension.cs: 1125 - Retrieving features of type [CoordSys] from Wayfinder_DVL-2
2026-09-25 17:58:27,458 INFO  ExportHelperExtension.cs: 1136 - Found 33 in Wayfinder_DVL-2
2026-09-25 17:58:27,458 INFO  ExportHelperExtension.cs: 1145 - Found 0 features of type [CoordSys] in Wayfinder_DVL-2
2026-09-25 17:58:27,458 INFO  ExportHelperExtension.cs: 1125 - Retrieving features of type [CoordSys] from Ping360ASM-1
2026-09-25 17:58:27,460 INFO  ExportHelperExtension.cs: 1136 - Found 27 in Ping360ASM-1
2026-09-25 17:58:27,460 INFO  ExportHelperExtension.cs: 1145 - Found 0 features of type [CoordSys] in Ping360ASM-1
2026-09-25 17:58:27,460 INFO  ExportHelperExtension.cs: 1125 - Retrieving features of type [CoordSys] from through hole_L bracket_rzc_10_5_24-9
2026-09-25 17:58:27,461 INFO  ExportHelperExtension.cs: 1136 - Found 36 in through hole_L bracket_rzc_10_5_24-9
2026-09-25 17:58:27,461 INFO  ExportHelperExtension.cs: 1145 - Found 0 features of type [CoordSys] in through hole_L bracket_rzc_10_5_24-9
2026-09-25 17:58:27,461 INFO  ExportHelperExtension.cs: 1125 - Retrieving features of type [CoordSys] from through hole_L bracket_rzc_10_5_24-10
2026-09-25 17:58:27,461 INFO  ExportHelperExtension.cs: 1136 - Found 36 in through hole_L bracket_rzc_10_5_24-10
2026-09-25 17:58:27,463 INFO  ExportHelperExtension.cs: 1145 - Found 0 features of type [CoordSys] in through hole_L bracket_rzc_10_5_24-10
2026-09-25 17:58:27,463 INFO  ExportHelperExtension.cs: 1125 - Retrieving features of type [CoordSys] from DVL_Mount_ajp119-2
2026-09-25 17:58:27,463 INFO  ExportHelperExtension.cs: 1136 - Found 29 in DVL_Mount_ajp119-2
2026-09-25 17:58:27,465 INFO  ExportHelperExtension.cs: 1145 - Found 0 features of type [CoordSys] in DVL_Mount_ajp119-2
2026-09-25 17:58:27,465 INFO  ExportHelperExtension.cs: 1125 - Retrieving features of type [CoordSys] from Camera Mount Bottom v2-1
2026-09-25 17:58:27,465 INFO  ExportHelperExtension.cs: 1136 - Found 67 in Camera Mount Bottom v2-1
2026-09-25 17:58:27,465 INFO  ExportHelperExtension.cs: 1145 - Found 0 features of type [CoordSys] in Camera Mount Bottom v2-1
2026-09-25 17:58:27,467 INFO  ExportHelperExtension.cs: 1125 - Retrieving features of type [CoordSys] from Metal_Bar-5
2026-09-25 17:58:27,467 INFO  ExportHelperExtension.cs: 1136 - Found 29 in Metal_Bar-5
2026-09-25 17:58:27,467 INFO  ExportHelperExtension.cs: 1145 - Found 0 features of type [CoordSys] in Metal_Bar-5
2026-09-25 17:58:27,467 INFO  ExportHelperExtension.cs: 1125 - Retrieving features of type [CoordSys] from backside_L_bracket_rzc_11.9.24-2
2026-09-25 17:58:27,469 INFO  ExportHelperExtension.cs: 1136 - Found 101 in backside_L_bracket_rzc_11.9.24-2
2026-09-25 17:58:27,469 INFO  ExportHelperExtension.cs: 1145 - Found 0 features of type [CoordSys] in backside_L_bracket_rzc_11.9.24-2
2026-09-25 17:58:27,469 INFO  ExportHelperExtension.cs: 1125 - Retrieving features of type [CoordSys] from NEW Camera Mount Top-1
2026-09-25 17:58:27,471 INFO  ExportHelperExtension.cs: 1136 - Found 36 in NEW Camera Mount Top-1
2026-09-25 17:58:27,471 INFO  ExportHelperExtension.cs: 1145 - Found 0 features of type [CoordSys] in NEW Camera Mount Top-1
2026-09-25 17:58:27,471 INFO  ExportHelperExtension.cs: 1125 - Retrieving features of type [CoordSys] from Part1^Full Model Assembly (1)-1
2026-09-25 17:58:27,473 INFO  ExportHelperExtension.cs: 1136 - Found 23 in Part1^Full Model Assembly (1)-1
2026-09-25 17:58:27,473 INFO  ExportHelperExtension.cs: 1145 - Found 0 features of type [CoordSys] in Part1^Full Model Assembly (1)-1
2026-09-25 17:58:27,473 INFO  ExportHelperExtension.cs: 1125 - Retrieving features of type [CoordSys] from Camera Mount Right Angle-1
2026-09-25 17:58:27,473 INFO  ExportHelperExtension.cs: 1136 - Found 71 in Camera Mount Right Angle-1
2026-09-25 17:58:27,475 INFO  ExportHelperExtension.cs: 1145 - Found 0 features of type [CoordSys] in Camera Mount Right Angle-1
2026-09-25 17:58:27,475 INFO  ExportHelperExtension.cs: 1125 - Retrieving features of type [CoordSys] from backside_L_bracket_rzc_11.9.24-1
2026-09-25 17:58:27,475 INFO  ExportHelperExtension.cs: 1136 - Found 101 in backside_L_bracket_rzc_11.9.24-1
2026-09-25 17:58:27,477 INFO  ExportHelperExtension.cs: 1145 - Found 0 features of type [CoordSys] in backside_L_bracket_rzc_11.9.24-1
2026-09-25 17:58:27,477 INFO  ExportHelperExtension.cs: 1125 - Retrieving features of type [CoordSys] from thruster middle mounting assembly mockup-1
2026-09-25 17:58:27,477 INFO  ExportHelperExtension.cs: 1136 - Found 86 in thruster middle mounting assembly mockup-1
2026-09-25 17:58:27,479 INFO  ExportHelperExtension.cs: 1145 - Found 0 features of type [CoordSys] in thruster middle mounting assembly mockup-1
2026-09-25 17:58:27,479 INFO  ExportHelperExtension.cs: 1125 - Retrieving features of type [CoordSys] from NEW Camera Mount Top-2
2026-09-25 17:58:27,479 INFO  ExportHelperExtension.cs: 1136 - Found 36 in NEW Camera Mount Top-2
2026-09-25 17:58:27,481 INFO  ExportHelperExtension.cs: 1145 - Found 0 features of type [CoordSys] in NEW Camera Mount Top-2
2026-09-25 17:58:27,481 INFO  ExportHelperExtension.cs: 1125 - Retrieving features of type [CoordSys] from camera-eHD_3.0_with_WL_STEP_Public-1
2026-09-25 17:58:27,481 INFO  ExportHelperExtension.cs: 1136 - Found 23 in camera-eHD_3.0_with_WL_STEP_Public-1
2026-09-25 17:58:27,481 INFO  ExportHelperExtension.cs: 1145 - Found 0 features of type [CoordSys] in camera-eHD_3.0_with_WL_STEP_Public-1
2026-09-25 17:58:27,483 INFO  ExportHelperExtension.cs: 1125 - Retrieving features of type [CoordSys] from Part2^Full Model Assembly (1)-1
2026-09-25 17:58:27,483 INFO  ExportHelperExtension.cs: 1136 - Found 23 in Part2^Full Model Assembly (1)-1
2026-09-25 17:58:27,483 INFO  ExportHelperExtension.cs: 1145 - Found 0 features of type [CoordSys] in Part2^Full Model Assembly (1)-1
2026-09-25 17:58:27,485 INFO  ExportHelperExtension.cs: 1125 - Retrieving features of type [CoordSys] from camera-eHD_3.0_with_WL_STEP_Public-2
2026-09-25 17:58:27,485 INFO  ExportHelperExtension.cs: 1136 - Found 23 in camera-eHD_3.0_with_WL_STEP_Public-2
2026-09-25 17:58:27,485 INFO  ExportHelperExtension.cs: 1145 - Found 0 features of type [CoordSys] in camera-eHD_3.0_with_WL_STEP_Public-2
2026-09-25 17:58:27,485 INFO  ExportHelperExtension.cs: 1125 - Retrieving features of type [CoordSys] from Power Capsule Assembly-1
2026-09-25 17:58:27,487 INFO  ExportHelperExtension.cs: 1136 - Found 44 in Power Capsule Assembly-1
2026-09-25 17:58:27,487 INFO  ExportHelperExtension.cs: 1145 - Found 0 features of type [CoordSys] in Power Capsule Assembly-1
2026-09-25 17:58:27,487 INFO  ExportHelperExtension.cs: 1125 - Retrieving features of type [CoordSys] from Signal Capsule Assembly-1
2026-09-25 17:58:27,492 INFO  ExportHelperExtension.cs: 1136 - Found 61 in Signal Capsule Assembly-1
2026-09-25 17:58:27,492 INFO  ExportHelperExtension.cs: 1145 - Found 0 features of type [CoordSys] in Signal Capsule Assembly-1
2026-09-25 17:58:27,494 INFO  ExportHelperExtension.cs: 1125 - Retrieving features of type [CoordSys] from Modem Mount-1
2026-09-25 17:58:27,510 INFO  ExportHelperExtension.cs: 1136 - Found 35 in Modem Mount-1
2026-09-25 17:58:27,510 INFO  ExportHelperExtension.cs: 1145 - Found 0 features of type [CoordSys] in Modem Mount-1
2026-09-25 17:58:27,510 INFO  ExportHelperExtension.cs: 1125 - Retrieving features of type [CoordSys] from Pressure_Sensor_9_21_24-1
2026-09-25 17:58:27,510 INFO  ExportHelperExtension.cs: 1136 - Found 36 in Pressure_Sensor_9_21_24-1
2026-09-25 17:58:27,510 INFO  ExportHelperExtension.cs: 1145 - Found 0 features of type [CoordSys] in Pressure_Sensor_9_21_24-1
2026-09-25 17:58:27,512 INFO  ExportHelperExtension.cs: 1125 - Retrieving features of type [CoordSys] from thruster middle mounting assembly mockup - MIRROR-1
2026-09-25 17:58:27,512 INFO  ExportHelperExtension.cs: 1136 - Found 87 in thruster middle mounting assembly mockup - MIRROR-1
2026-09-25 17:58:27,512 INFO  ExportHelperExtension.cs: 1145 - Found 0 features of type [CoordSys] in thruster middle mounting assembly mockup - MIRROR-1
2026-09-25 17:58:27,512 INFO  ExportHelperExtension.cs: 1125 - Retrieving features of type [RefAxis] from Full Model Assembly (1)
2026-09-25 17:58:27,512 INFO  ExportHelperExtension.cs: 1136 - Found 225 in Full Model Assembly (1)
2026-09-25 17:58:27,514 INFO  ExportHelperExtension.cs: 1145 - Found 0 features of type [RefAxis] in Full Model Assembly (1)
2026-09-25 17:58:27,514 INFO  ExportHelperExtension.cs: 1148 - Proceeding through assembly components
2026-09-25 17:58:27,514 INFO  ExportHelperExtension.cs: 1160 - 44 components to check
2026-09-25 17:58:27,514 INFO  ExportHelperExtension.cs: 1125 - Retrieving features of type [RefAxis] from Mockup2-2
2026-09-25 17:58:27,514 INFO  ExportHelperExtension.cs: 1136 - Found 37 in Mockup2-2
2026-09-25 17:58:27,516 INFO  ExportHelperExtension.cs: 1145 - Found 0 features of type [RefAxis] in Mockup2-2
2026-09-25 17:58:27,516 INFO  ExportHelperExtension.cs: 1125 - Retrieving features of type [RefAxis] from SideFrame1_nmw37_10_19_24-1
2026-09-25 17:58:27,516 INFO  ExportHelperExtension.cs: 1136 - Found 32 in SideFrame1_nmw37_10_19_24-1
2026-09-25 17:58:27,516 INFO  ExportHelperExtension.cs: 1145 - Found 0 features of type [RefAxis] in SideFrame1_nmw37_10_19_24-1
2026-09-25 17:58:27,516 INFO  ExportHelperExtension.cs: 1125 - Retrieving features of type [RefAxis] from Mockup2-1
2026-09-25 17:58:27,516 INFO  ExportHelperExtension.cs: 1136 - Found 37 in Mockup2-1
2026-09-25 17:58:27,518 INFO  ExportHelperExtension.cs: 1145 - Found 0 features of type [RefAxis] in Mockup2-1
2026-09-25 17:58:27,518 INFO  ExportHelperExtension.cs: 1125 - Retrieving features of type [RefAxis] from FINAL backplate Frame Mounts-1
2026-09-25 17:58:27,518 INFO  ExportHelperExtension.cs: 1136 - Found 58 in FINAL backplate Frame Mounts-1
2026-09-25 17:58:27,518 INFO  ExportHelperExtension.cs: 1145 - Found 0 features of type [RefAxis] in FINAL backplate Frame Mounts-1
2026-09-25 17:58:27,518 INFO  ExportHelperExtension.cs: 1125 - Retrieving features of type [RefAxis] from CapsuleCap cg376 1010-3
2026-09-25 17:58:27,518 INFO  ExportHelperExtension.cs: 1136 - Found 34 in CapsuleCap cg376 1010-3
2026-09-25 17:58:27,520 INFO  ExportHelperExtension.cs: 1145 - Found 1 features of type [RefAxis] in CapsuleCap cg376 1010-3
2026-09-25 17:58:27,520 INFO  ExportHelperExtension.cs: 1125 - Retrieving features of type [RefAxis] from CapsuleCap cg376 1010-2
2026-09-25 17:58:27,520 INFO  ExportHelperExtension.cs: 1136 - Found 34 in CapsuleCap cg376 1010-2
2026-09-25 17:58:27,520 INFO  ExportHelperExtension.cs: 1145 - Found 1 features of type [RefAxis] in CapsuleCap cg376 1010-2
2026-09-25 17:58:27,520 INFO  ExportHelperExtension.cs: 1125 - Retrieving features of type [RefAxis] from through hole_L bracket_rzc_10_5_24-5
2026-09-25 17:58:27,520 INFO  ExportHelperExtension.cs: 1136 - Found 36 in through hole_L bracket_rzc_10_5_24-5
2026-09-25 17:58:27,520 INFO  ExportHelperExtension.cs: 1145 - Found 0 features of type [RefAxis] in through hole_L bracket_rzc_10_5_24-5
2026-09-25 17:58:27,522 INFO  ExportHelperExtension.cs: 1125 - Retrieving features of type [RefAxis] from Metal_Bar-3
2026-09-25 17:58:27,522 INFO  ExportHelperExtension.cs: 1136 - Found 29 in Metal_Bar-3
2026-09-25 17:58:27,522 INFO  ExportHelperExtension.cs: 1145 - Found 0 features of type [RefAxis] in Metal_Bar-3
2026-09-25 17:58:27,522 INFO  ExportHelperExtension.cs: 1125 - Retrieving features of type [RefAxis] from Metal_Bar-1
2026-09-25 17:58:27,523 INFO  ExportHelperExtension.cs: 1136 - Found 29 in Metal_Bar-1
2026-09-25 17:58:27,523 INFO  ExportHelperExtension.cs: 1145 - Found 0 features of type [RefAxis] in Metal_Bar-1
2026-09-25 17:58:27,523 INFO  ExportHelperExtension.cs: 1125 - Retrieving features of type [RefAxis] from SideFrame1_nmw37_10_19_24-2
2026-09-25 17:58:27,523 INFO  ExportHelperExtension.cs: 1136 - Found 32 in SideFrame1_nmw37_10_19_24-2
2026-09-25 17:58:27,523 INFO  ExportHelperExtension.cs: 1145 - Found 0 features of type [RefAxis] in SideFrame1_nmw37_10_19_24-2
2026-09-25 17:58:27,525 INFO  ExportHelperExtension.cs: 1125 - Retrieving features of type [RefAxis] from through hole_L bracket_rzc_10_5_24-2
2026-09-25 17:58:27,525 INFO  ExportHelperExtension.cs: 1136 - Found 36 in through hole_L bracket_rzc_10_5_24-2
2026-09-25 17:58:27,525 INFO  ExportHelperExtension.cs: 1145 - Found 0 features of type [RefAxis] in through hole_L bracket_rzc_10_5_24-2
2026-09-25 17:58:27,526 INFO  ExportHelperExtension.cs: 1125 - Retrieving features of type [RefAxis] from Metal_Bar-2
2026-09-25 17:58:27,526 INFO  ExportHelperExtension.cs: 1136 - Found 29 in Metal_Bar-2
2026-09-25 17:58:27,526 INFO  ExportHelperExtension.cs: 1145 - Found 0 features of type [RefAxis] in Metal_Bar-2
2026-09-25 17:58:27,526 INFO  ExportHelperExtension.cs: 1125 - Retrieving features of type [RefAxis] from FINAL backplate Frame Mounts-2
2026-09-25 17:58:27,528 INFO  ExportHelperExtension.cs: 1136 - Found 58 in FINAL backplate Frame Mounts-2
2026-09-25 17:58:27,528 INFO  ExportHelperExtension.cs: 1145 - Found 0 features of type [RefAxis] in FINAL backplate Frame Mounts-2
2026-09-25 17:58:27,528 INFO  ExportHelperExtension.cs: 1125 - Retrieving features of type [RefAxis] from Back Plate cg376 1010-2
2026-09-25 17:58:27,528 INFO  ExportHelperExtension.cs: 1136 - Found 46 in Back Plate cg376 1010-2
2026-09-25 17:58:27,530 INFO  ExportHelperExtension.cs: 1145 - Found 0 features of type [RefAxis] in Back Plate cg376 1010-2
2026-09-25 17:58:27,530 INFO  ExportHelperExtension.cs: 1125 - Retrieving features of type [RefAxis] from through hole_L bracket_rzc_10_5_24-1
2026-09-25 17:58:27,530 INFO  ExportHelperExtension.cs: 1136 - Found 36 in through hole_L bracket_rzc_10_5_24-1
2026-09-25 17:58:27,530 INFO  ExportHelperExtension.cs: 1145 - Found 0 features of type [RefAxis] in through hole_L bracket_rzc_10_5_24-1
2026-09-25 17:58:27,532 INFO  ExportHelperExtension.cs: 1125 - Retrieving features of type [RefAxis] from through hole_L bracket_rzc_10_5_24-3
2026-09-25 17:58:27,532 INFO  ExportHelperExtension.cs: 1136 - Found 36 in through hole_L bracket_rzc_10_5_24-3
2026-09-25 17:58:27,532 INFO  ExportHelperExtension.cs: 1145 - Found 0 features of type [RefAxis] in through hole_L bracket_rzc_10_5_24-3
2026-09-25 17:58:27,532 INFO  ExportHelperExtension.cs: 1125 - Retrieving features of type [RefAxis] from through hole_L bracket_rzc_10_5_24-4
2026-09-25 17:58:27,532 INFO  ExportHelperExtension.cs: 1136 - Found 36 in through hole_L bracket_rzc_10_5_24-4
2026-09-25 17:58:27,534 INFO  ExportHelperExtension.cs: 1145 - Found 0 features of type [RefAxis] in through hole_L bracket_rzc_10_5_24-4
2026-09-25 17:58:27,534 INFO  ExportHelperExtension.cs: 1125 - Retrieving features of type [RefAxis] from through hole_L bracket_rzc_10_5_24-6
2026-09-25 17:58:27,534 INFO  ExportHelperExtension.cs: 1136 - Found 36 in through hole_L bracket_rzc_10_5_24-6
2026-09-25 17:58:27,534 INFO  ExportHelperExtension.cs: 1145 - Found 0 features of type [RefAxis] in through hole_L bracket_rzc_10_5_24-6
2026-09-25 17:58:27,536 INFO  ExportHelperExtension.cs: 1125 - Retrieving features of type [RefAxis] from Metal_Bar-4
2026-09-25 17:58:27,536 INFO  ExportHelperExtension.cs: 1136 - Found 29 in Metal_Bar-4
2026-09-25 17:58:27,536 INFO  ExportHelperExtension.cs: 1145 - Found 0 features of type [RefAxis] in Metal_Bar-4
2026-09-25 17:58:27,536 INFO  ExportHelperExtension.cs: 1125 - Retrieving features of type [RefAxis] from SideThrusterMounting-4
2026-09-25 17:58:27,538 INFO  ExportHelperExtension.cs: 1136 - Found 92 in SideThrusterMounting-4
2026-09-25 17:58:27,538 INFO  ExportHelperExtension.cs: 1145 - Found 0 features of type [RefAxis] in SideThrusterMounting-4
2026-09-25 17:58:27,538 INFO  ExportHelperExtension.cs: 1125 - Retrieving features of type [RefAxis] from through hole_L bracket_rzc_10_5_24-7
2026-09-25 17:58:27,538 INFO  ExportHelperExtension.cs: 1136 - Found 36 in through hole_L bracket_rzc_10_5_24-7
2026-09-25 17:58:27,540 INFO  ExportHelperExtension.cs: 1145 - Found 0 features of type [RefAxis] in through hole_L bracket_rzc_10_5_24-7
2026-09-25 17:58:27,540 INFO  ExportHelperExtension.cs: 1125 - Retrieving features of type [RefAxis] from through hole_L bracket_rzc_10_5_24-8
2026-09-25 17:58:27,540 INFO  ExportHelperExtension.cs: 1136 - Found 36 in through hole_L bracket_rzc_10_5_24-8
2026-09-25 17:58:27,542 INFO  ExportHelperExtension.cs: 1145 - Found 0 features of type [RefAxis] in through hole_L bracket_rzc_10_5_24-8
2026-09-25 17:58:27,542 INFO  ExportHelperExtension.cs: 1125 - Retrieving features of type [RefAxis] from Wayfinder_DVL-2
2026-09-25 17:58:27,542 INFO  ExportHelperExtension.cs: 1136 - Found 33 in Wayfinder_DVL-2
2026-09-25 17:58:27,542 INFO  ExportHelperExtension.cs: 1145 - Found 0 features of type [RefAxis] in Wayfinder_DVL-2
2026-09-25 17:58:27,544 INFO  ExportHelperExtension.cs: 1125 - Retrieving features of type [RefAxis] from Ping360ASM-1
2026-09-25 17:58:27,544 INFO  ExportHelperExtension.cs: 1136 - Found 27 in Ping360ASM-1
2026-09-25 17:58:27,544 INFO  ExportHelperExtension.cs: 1145 - Found 0 features of type [RefAxis] in Ping360ASM-1
2026-09-25 17:58:27,544 INFO  ExportHelperExtension.cs: 1125 - Retrieving features of type [RefAxis] from through hole_L bracket_rzc_10_5_24-9
2026-09-25 17:58:27,544 INFO  ExportHelperExtension.cs: 1136 - Found 36 in through hole_L bracket_rzc_10_5_24-9
2026-09-25 17:58:27,546 INFO  ExportHelperExtension.cs: 1145 - Found 0 features of type [RefAxis] in through hole_L bracket_rzc_10_5_24-9
2026-09-25 17:58:27,546 INFO  ExportHelperExtension.cs: 1125 - Retrieving features of type [RefAxis] from through hole_L bracket_rzc_10_5_24-10
2026-09-25 17:58:27,546 INFO  ExportHelperExtension.cs: 1136 - Found 36 in through hole_L bracket_rzc_10_5_24-10
2026-09-25 17:58:27,546 INFO  ExportHelperExtension.cs: 1145 - Found 0 features of type [RefAxis] in through hole_L bracket_rzc_10_5_24-10
2026-09-25 17:58:27,546 INFO  ExportHelperExtension.cs: 1125 - Retrieving features of type [RefAxis] from DVL_Mount_ajp119-2
2026-09-25 17:58:27,546 INFO  ExportHelperExtension.cs: 1136 - Found 29 in DVL_Mount_ajp119-2
2026-09-25 17:58:27,546 INFO  ExportHelperExtension.cs: 1145 - Found 0 features of type [RefAxis] in DVL_Mount_ajp119-2
2026-09-25 17:58:27,548 INFO  ExportHelperExtension.cs: 1125 - Retrieving features of type [RefAxis] from Camera Mount Bottom v2-1
2026-09-25 17:58:27,548 INFO  ExportHelperExtension.cs: 1136 - Found 67 in Camera Mount Bottom v2-1
2026-09-25 17:58:27,548 INFO  ExportHelperExtension.cs: 1145 - Found 0 features of type [RefAxis] in Camera Mount Bottom v2-1
2026-09-25 17:58:27,548 INFO  ExportHelperExtension.cs: 1125 - Retrieving features of type [RefAxis] from Metal_Bar-5
2026-09-25 17:58:27,548 INFO  ExportHelperExtension.cs: 1136 - Found 29 in Metal_Bar-5
2026-09-25 17:58:27,548 INFO  ExportHelperExtension.cs: 1145 - Found 0 features of type [RefAxis] in Metal_Bar-5
2026-09-25 17:58:27,550 INFO  ExportHelperExtension.cs: 1125 - Retrieving features of type [RefAxis] from backside_L_bracket_rzc_11.9.24-2
2026-09-25 17:58:27,550 INFO  ExportHelperExtension.cs: 1136 - Found 101 in backside_L_bracket_rzc_11.9.24-2
2026-09-25 17:58:27,550 INFO  ExportHelperExtension.cs: 1145 - Found 0 features of type [RefAxis] in backside_L_bracket_rzc_11.9.24-2
2026-09-25 17:58:27,550 INFO  ExportHelperExtension.cs: 1125 - Retrieving features of type [RefAxis] from NEW Camera Mount Top-1
2026-09-25 17:58:27,550 INFO  ExportHelperExtension.cs: 1136 - Found 36 in NEW Camera Mount Top-1
2026-09-25 17:58:27,552 INFO  ExportHelperExtension.cs: 1145 - Found 0 features of type [RefAxis] in NEW Camera Mount Top-1
2026-09-25 17:58:27,552 INFO  ExportHelperExtension.cs: 1125 - Retrieving features of type [RefAxis] from Part1^Full Model Assembly (1)-1
2026-09-25 17:58:27,552 INFO  ExportHelperExtension.cs: 1136 - Found 23 in Part1^Full Model Assembly (1)-1
2026-09-25 17:58:27,552 INFO  ExportHelperExtension.cs: 1145 - Found 0 features of type [RefAxis] in Part1^Full Model Assembly (1)-1
2026-09-25 17:58:27,552 INFO  ExportHelperExtension.cs: 1125 - Retrieving features of type [RefAxis] from Camera Mount Right Angle-1
2026-09-25 17:58:27,552 INFO  ExportHelperExtension.cs: 1136 - Found 71 in Camera Mount Right Angle-1
2026-09-25 17:58:27,554 INFO  ExportHelperExtension.cs: 1145 - Found 0 features of type [RefAxis] in Camera Mount Right Angle-1
2026-09-25 17:58:27,554 INFO  ExportHelperExtension.cs: 1125 - Retrieving features of type [RefAxis] from backside_L_bracket_rzc_11.9.24-1
2026-09-25 17:58:27,555 INFO  ExportHelperExtension.cs: 1136 - Found 101 in backside_L_bracket_rzc_11.9.24-1
2026-09-25 17:58:27,555 INFO  ExportHelperExtension.cs: 1145 - Found 0 features of type [RefAxis] in backside_L_bracket_rzc_11.9.24-1
2026-09-25 17:58:27,555 INFO  ExportHelperExtension.cs: 1125 - Retrieving features of type [RefAxis] from thruster middle mounting assembly mockup-1
2026-09-25 17:58:27,555 INFO  ExportHelperExtension.cs: 1136 - Found 86 in thruster middle mounting assembly mockup-1
2026-09-25 17:58:27,557 INFO  ExportHelperExtension.cs: 1145 - Found 0 features of type [RefAxis] in thruster middle mounting assembly mockup-1
2026-09-25 17:58:27,557 INFO  ExportHelperExtension.cs: 1125 - Retrieving features of type [RefAxis] from NEW Camera Mount Top-2
2026-09-25 17:58:27,557 INFO  ExportHelperExtension.cs: 1136 - Found 36 in NEW Camera Mount Top-2
2026-09-25 17:58:27,557 INFO  ExportHelperExtension.cs: 1145 - Found 0 features of type [RefAxis] in NEW Camera Mount Top-2
2026-09-25 17:58:27,558 INFO  ExportHelperExtension.cs: 1125 - Retrieving features of type [RefAxis] from camera-eHD_3.0_with_WL_STEP_Public-1
2026-09-25 17:58:27,558 INFO  ExportHelperExtension.cs: 1136 - Found 23 in camera-eHD_3.0_with_WL_STEP_Public-1
2026-09-25 17:58:27,558 INFO  ExportHelperExtension.cs: 1145 - Found 0 features of type [RefAxis] in camera-eHD_3.0_with_WL_STEP_Public-1
2026-09-25 17:58:27,558 INFO  ExportHelperExtension.cs: 1125 - Retrieving features of type [RefAxis] from Part2^Full Model Assembly (1)-1
2026-09-25 17:58:27,558 INFO  ExportHelperExtension.cs: 1136 - Found 23 in Part2^Full Model Assembly (1)-1
2026-09-25 17:58:27,560 INFO  ExportHelperExtension.cs: 1145 - Found 0 features of type [RefAxis] in Part2^Full Model Assembly (1)-1
2026-09-25 17:58:27,560 INFO  ExportHelperExtension.cs: 1125 - Retrieving features of type [RefAxis] from camera-eHD_3.0_with_WL_STEP_Public-2
2026-09-25 17:58:27,560 INFO  ExportHelperExtension.cs: 1136 - Found 23 in camera-eHD_3.0_with_WL_STEP_Public-2
2026-09-25 17:58:27,560 INFO  ExportHelperExtension.cs: 1145 - Found 0 features of type [RefAxis] in camera-eHD_3.0_with_WL_STEP_Public-2
2026-09-25 17:58:27,560 INFO  ExportHelperExtension.cs: 1125 - Retrieving features of type [RefAxis] from Power Capsule Assembly-1
2026-09-25 17:58:27,560 INFO  ExportHelperExtension.cs: 1136 - Found 44 in Power Capsule Assembly-1
2026-09-25 17:58:27,562 INFO  ExportHelperExtension.cs: 1145 - Found 0 features of type [RefAxis] in Power Capsule Assembly-1
2026-09-25 17:58:27,562 INFO  ExportHelperExtension.cs: 1125 - Retrieving features of type [RefAxis] from Signal Capsule Assembly-1
2026-09-25 17:58:27,562 INFO  ExportHelperExtension.cs: 1136 - Found 61 in Signal Capsule Assembly-1
2026-09-25 17:58:27,562 INFO  ExportHelperExtension.cs: 1145 - Found 0 features of type [RefAxis] in Signal Capsule Assembly-1
2026-09-25 17:58:27,562 INFO  ExportHelperExtension.cs: 1125 - Retrieving features of type [RefAxis] from Modem Mount-1
2026-09-25 17:58:27,562 INFO  ExportHelperExtension.cs: 1136 - Found 35 in Modem Mount-1
2026-09-25 17:58:27,564 INFO  ExportHelperExtension.cs: 1145 - Found 0 features of type [RefAxis] in Modem Mount-1
2026-09-25 17:58:27,564 INFO  ExportHelperExtension.cs: 1125 - Retrieving features of type [RefAxis] from Pressure_Sensor_9_21_24-1
2026-09-25 17:58:27,564 INFO  ExportHelperExtension.cs: 1136 - Found 36 in Pressure_Sensor_9_21_24-1
2026-09-25 17:58:27,564 INFO  ExportHelperExtension.cs: 1145 - Found 0 features of type [RefAxis] in Pressure_Sensor_9_21_24-1
2026-09-25 17:58:27,564 INFO  ExportHelperExtension.cs: 1125 - Retrieving features of type [RefAxis] from thruster middle mounting assembly mockup - MIRROR-1
2026-09-25 17:58:27,564 INFO  ExportHelperExtension.cs: 1136 - Found 87 in thruster middle mounting assembly mockup - MIRROR-1
2026-09-25 17:58:27,566 INFO  ExportHelperExtension.cs: 1145 - Found 0 features of type [RefAxis] in thruster middle mounting assembly mockup - MIRROR-1
2026-09-25 17:58:28,130 INFO  SwAddin.cs: 339 - Loading config tree
2026-09-25 17:58:28,130 INFO  ConfigurationSerialization.cs: 276 - URDF Configuration found
<Link z:Id="i1" xmlns="http://schemas.datacontract.org/2004/07/SW2URDF" xmlns:i="http://www.w3.org/2001/XMLSchema-instance" xmlns:z="http://schemas.microsoft.com/2003/10/Serialization/"><Attributes><Attribute z:Id="i2"><AttributeType>name</AttributeType><IsRequired>true</IsRequired><Value i:type="a:string" xmlns:a="http://www.w3.org/2001/XMLSchema">base_link</Value></Attribute></Attributes><ChildElements><URDFElement z:Id="i3" i:type="Inertial"><Attributes/><ChildElements><URDFElement z:Id="i4" i:type="Origin"><Attributes><Attribute z:Id="i5"><AttributeType>xyz</AttributeType><IsRequired>true</IsRequired><Value i:type="a:ArrayOfdouble" xmlns:a="http://schemas.microsoft.com/2003/10/Serialization/Arrays"><a:double>-0.022224999999999995</a:double><a:double>0.047338681873306587</a:double><a:double>7.0422199957108511E-07</a:double></Value></Attribute><Attribute z:Id="i6"><AttributeType>rpy</AttributeType><IsRequired>true</IsRequired><Value i:type="a:ArrayOfdouble" xmlns:a="http://schemas.microsoft.com/2003/10/Serialization/Arrays"><a:double>0</a:double><a:double>0</a:double><a:double>0</a:double></Value></Attribute></Attributes><ChildElements/><ElementName>origin</ElementName><required>false</required><RPYAttribute z:Ref="i6"/><XYZAttribute z:Ref="i5"/><isCustomized>false</isCustomized></URDFElement><URDFElement z:Id="i7" i:type="Mass"><Attributes><Attribute z:Id="i8"><AttributeType>value</AttributeType><IsRequired>true</IsRequired><Value i:type="a:double" xmlns:a="http://www.w3.org/2001/XMLSchema">0.12788437377049863</Value></Attribute></Attributes><ChildElements/><ElementName>mass</ElementName><required>false</required><ValueAttribute z:Ref="i8"/></URDFElement><URDFElement z:Id="i9" i:type="Inertia"><Attributes><Attribute z:Id="i10"><AttributeType>ixx</AttributeType><IsRequired>true</IsRequired><Value i:type="a:double" xmlns:a="http://www.w3.org/2001/XMLSchema">0.00027148584925245272</Value></Attribute><Attribute z:Id="i11"><AttributeType>ixy</AttributeType><IsRequired>true</IsRequired><Value i:type="a:double" xmlns:a="http://www.w3.org/2001/XMLSchema">1.4683288976193931E-20</Value></Attribute><Attribute z:Id="i12"><AttributeType>ixz</AttributeType><IsRequired>true</IsRequired><Value i:type="a:double" xmlns:a="http://www.w3.org/2001/XMLSchema">-2.7511802165677195E-13</Value></Attribute><Attribute z:Id="i13"><AttributeType>iyy</AttributeType><IsRequired>true</IsRequired><Value i:type="a:double" xmlns:a="http://www.w3.org/2001/XMLSchema">8.6801431408111191E-05</Value></Attribute><Attribute z:Id="i14"><AttributeType>iyz</AttributeType><IsRequired>true</IsRequired><Value i:type="a:double" xmlns:a="http://www.w3.org/2001/XMLSchema">4.2304703857949662E-09</Value></Attribute><Attribute z:Id="i15"><AttributeType>izz</AttributeType><IsRequired>true</IsRequired><Value i:type="a:double" xmlns:a="http://www.w3.org/2001/XMLSchema">0.00021019783554942215</Value></Attribute></Attributes><ChildElements/><ElementName>inertia</ElementName><required>false</required><IxxAttribute z:Ref="i10"/><IxyAttribute z:Ref="i11"/><IxzAttribute z:Ref="i12"/><IyyAttribute z:Ref="i13"/><IyzAttribute z:Ref="i14"/><IzzAttribute z:Ref="i15"/></URDFElement></ChildElements><ElementName>inertial</ElementName><required>false</required><Inertia z:Ref="i9"/><Mass z:Ref="i7"/><Origin z:Ref="i4"/></URDFElement><URDFElement z:Id="i16" i:type="Visual"><Attributes/><ChildElements><URDFElement z:Id="i17" i:type="Origin"><Attributes><Attribute z:Id="i18"><AttributeType>xyz</AttributeType><IsRequired>true</IsRequired><Value i:type="a:ArrayOfdouble" xmlns:a="http://schemas.microsoft.com/2003/10/Serialization/Arrays"><a:double>0</a:double><a:double>0</a:double><a:double>0</a:double></Value></Attribute><Attribute z:Id="i19"><AttributeType>rpy</AttributeType><IsRequired>true</IsRequired><Value i:type="a:ArrayOfdouble" xmlns:a="http://schemas.microsoft.com/2003/10/Serialization/Arrays"><a:double>0</a:double><a:double>0</a:double><a:double>0</a:double></Value></Attribute></Attributes><ChildElements/><ElementName>origin</ElementName><required>false</required><RPYAttribute z:Ref="i19"/><XYZAttribute z:Ref="i18"/><isCustomized>false</isCustomized></URDFElement><URDFElement z:Id="i20" i:type="Geometry"><Attributes/><ChildElements><URDFElement z:Id="i21" i:type="Mesh"><Attributes><Attribute z:Id="i22"><AttributeType>filename</AttributeType><IsRequired>true</IsRequired><Value i:nil="true"/></Attribute></Attributes><ChildElements/><ElementName>mesh</ElementName><required>false</required><FilenameAttribute z:Ref="i22"/></URDFElement></ChildElements><ElementName>geometry</ElementName><required>true</required><Mesh z:Ref="i21"/></URDFElement><URDFElement z:Id="i23" i:type="Material"><Attributes><Attribute z:Id="i24"><AttributeType>name</AttributeType><IsRequired>true</IsRequired><Value i:type="a:string" xmlns:a="http://www.w3.org/2001/XMLSchema"/></Attribute></Attributes><ChildElements><URDFElement z:Id="i25" i:type="Color"><Attributes><Attribute z:Id="i26"><AttributeType>rgba</AttributeType><IsRequired>true</IsRequired><Value i:type="a:ArrayOfdouble" xmlns:a="http://schemas.microsoft.com/2003/10/Serialization/Arrays"><a:double>0.69803921568627447</a:double><a:double>0.69803921568627447</a:double><a:double>0.69803921568627447</a:double><a:double>1</a:double></Value></Attribute></Attributes><ChildElements/><ElementName>color</ElementName><required>false</required><RGBAAttribute z:Ref="i26"/></URDFElement><URDFElement z:Id="i27" i:type="Texture"><Attributes><Attribute z:Id="i28"><AttributeType>filename</AttributeType><IsRequired>true</IsRequired><Value i:nil="true"/></Attribute></Attributes><ChildElements/><ElementName>texture</ElementName><required>false</required><FilenameAttribute z:Ref="i28"/><wFilename/></URDFElement></ChildElements><ElementName>material</ElementName><required>false</required><Color z:Ref="i25"/><NameAttribute z:Ref="i24"/><Texture z:Ref="i27"/></URDFElement></ChildElements><ElementName>visual</ElementName><required>false</required><Geometry z:Ref="i20"/><Material z:Ref="i23"/><Origin z:Ref="i17"/></URDFElement><URDFElement z:Id="i29" i:type="Collision"><Attributes/><ChildElements><URDFElement z:Id="i30" i:type="Origin"><Attributes><Attribute z:Id="i31"><AttributeType>xyz</AttributeType><IsRequired>true</IsRequired><Value i:type="a:ArrayOfdouble" xmlns:a="http://schemas.microsoft.com/2003/10/Serialization/Arrays"><a:double>0</a:double><a:double>0</a:double><a:double>0</a:double></Value></Attribute><Attribute z:Id="i32"><AttributeType>rpy</AttributeType><IsRequired>true</IsRequired><Value i:type="a:ArrayOfdouble" xmlns:a="http://schemas.microsoft.com/2003/10/Serialization/Arrays"><a:double>0</a:double><a:double>0</a:double><a:double>0</a:double></Value></Attribute></Attributes><ChildElements/><ElementName>origin</ElementName><required>false</required><RPYAttribute z:Ref="i32"/><XYZAttribute z:Ref="i31"/><isCustomized>false</isCustomized></URDFElement><URDFElement z:Id="i33" i:type="Geometry"><Attributes/><ChildElements><URDFElement z:Id="i34" i:type="Mesh"><Attributes><Attribute z:Id="i35"><AttributeType>filename</AttributeType><IsRequired>true</IsRequired><Value i:nil="true"/></Attribute></Attributes><ChildElements/><ElementName>mesh</ElementName><required>false</required><FilenameAttribute z:Ref="i35"/></URDFElement></ChildElements><ElementName>geometry</ElementName><required>true</required><Mesh z:Ref="i34"/></URDFElement></ChildElements><ElementName>collision</ElementName><required>false</required><Geometry z:Ref="i33"/><Origin z:Ref="i30"/></URDFElement><URDFElement z:Id="i36" i:type="Joint"><Attributes><Attribute z:Id="i37"><AttributeType>name</AttributeType><IsRequired>true</IsRequired><Value i:type="a:string" xmlns:a="http://www.w3.org/2001/XMLSchema"/></Attribute><Attribute z:Id="i38"><AttributeType>type</AttributeType><IsRequired>true</IsRequired><Value i:type="a:string" xmlns:a="http://www.w3.org/2001/XMLSchema"/></Attribute></Attributes><ChildElements><URDFElement z:Id="i39" i:type="Origin"><Attributes><Attribute z:Id="i40"><AttributeType>xyz</AttributeType><IsRequired>true</IsRequired><Value i:type="a:ArrayOfdouble" xmlns:a="http://schemas.microsoft.com/2003/10/Serialization/Arrays"><a:double>0</a:double><a:double>0</a:double><a:double>0</a:double></Value></Attribute><Attribute z:Id="i41"><AttributeType>rpy</AttributeType><IsRequired>true</IsRequired><Value i:type="a:ArrayOfdouble" xmlns:a="http://schemas.microsoft.com/2003/10/Serialization/Arrays"><a:double>0</a:double><a:double>0</a:double><a:double>0</a:double></Value></Attribute></Attributes><ChildElements/><ElementName>origin</ElementName><required>false</required><RPYAttribute z:Ref="i41"/><XYZAttribute z:Ref="i40"/><isCustomized>false</isCustomized></URDFElement><URDFElement z:Id="i42" i:type="ParentLink"><Attributes><Attribute z:Id="i43"><AttributeType>link</AttributeType><IsRequired>true</IsRequired><Value i:type="a:string" xmlns:a="http://www.w3.org/2001/XMLSchema"/></Attribute></Attributes><ChildElements/><ElementName>parent</ElementName><required>true</required><NameAttribute z:Ref="i43"/></URDFElement><URDFElement z:Id="i44" i:type="ChildLink"><Attributes><Attribute z:Id="i45"><AttributeType>link</AttributeType><IsRequired>true</IsRequired><Value i:type="a:string" xmlns:a="http://www.w3.org/2001/XMLSchema"/></Attribute></Attributes><ChildElements/><ElementName>child</ElementName><required>true</required><NameAttribute z:Ref="i45"/></URDFElement><URDFElement z:Id="i46" i:type="Axis"><Attributes><Attribute z:Id="i47"><AttributeType>xyz</AttributeType><IsRequired>true</IsRequired><Value i:type="a:ArrayOfdouble" xmlns:a="http://schemas.microsoft.com/2003/10/Serialization/Arrays"><a:double>0</a:double><a:double>0</a:double><a:double>0</a:double></Value></Attribute></Attributes><ChildElements/><ElementName>axis</ElementName><required>false</required><XYZAttribute z:Ref="i47"/></URDFElement><URDFElement z:Id="i48" i:type="Limit"><Attributes><Attribute z:Id="i49"><AttributeType>lower</AttributeType><IsRequired>false</IsRequired><Value i:nil="true"/></Attribute><Attribute z:Id="i50"><AttributeType>upper</AttributeType><IsRequired>false</IsRequired><Value i:nil="true"/></Attribute><Attribute z:Id="i51"><AttributeType>effort</AttributeType><IsRequired>true</IsRequired><Value i:nil="true"/></Attribute><Attribute z:Id="i52"><AttributeType>velocity</AttributeType><IsRequired>true</IsRequired><Value i:nil="true"/></Attribute></Attributes><ChildElements/><ElementName>limit</ElementName><required>false</required><EffortAttribute z:Ref="i51"/><LowerAttribute z:Ref="i49"/><UpperAttribute z:Ref="i50"/><VelocityAttribute z:Ref="i52"/></URDFElement><URDFElement z:Id="i53" i:type="Calibration"><Attributes><Attribute z:Id="i54"><AttributeType>rising</AttributeType><IsRequired>false</IsRequired><Value i:nil="true"/></Attribute><Attribute z:Id="i55"><AttributeType>falling</AttributeType><IsRequired>false</IsRequired><Value i:nil="true"/></Attribute></Attributes><ChildElements/><ElementName>calibration</ElementName><required>false</required><FallingAttribute z:Ref="i55"/><RisingAttribute z:Ref="i54"/></URDFElement><URDFElement z:Id="i56" i:type="Dynamics"><Attributes><Attribute z:Id="i57"><AttributeType>damping</AttributeType><IsRequired>false</IsRequired><Value i:nil="true"/></Attribute><Attribute z:Id="i58"><AttributeType>friction</AttributeType><IsRequired>false</IsRequired><Value i:nil="true"/></Attribute></Attributes><ChildElements/><ElementName>dynamics</ElementName><required>false</required><DampingAttribute z:Ref="i57"/><FrictionAttribute z:Ref="i58"/></URDFElement><URDFElement z:Id="i59" i:type="SafetyController"><Attributes><Attribute z:Id="i60"><AttributeType>soft_upper_limit</AttributeType><IsRequired>false</IsRequired><Value i:nil="true"/></Attribute><Attribute z:Id="i61"><AttributeType>soft_lower_limit</AttributeType><IsRequired>false</IsRequired><Value i:nil="true"/></Attribute><Attribute z:Id="i62"><AttributeType>k_position</AttributeType><IsRequired>false</IsRequired><Value i:nil="true"/></Attribute><Attribute z:Id="i63"><AttributeType>k_velocity</AttributeType><IsRequired>true</IsRequired><Value i:nil="true"/></Attribute></Attributes><ChildElements/><ElementName>safety_controller</ElementName><required>false</required><KPositionAttribute z:Ref="i62"/><KVelocityAttribute z:Ref="i63"/><SoftLowerAttribute z:Ref="i61"/><SoftUpperAttribute z:Ref="i60"/></URDFElement><URDFElement z:Id="i64" i:type="Mimic"><Attributes><Attribute z:Id="i65"><AttributeType>joint</AttributeType><IsRequired>true</IsRequired><Value i:nil="true"/></Attribute><Attribute z:Id="i66"><AttributeType>multiplier</AttributeType><IsRequired>false</IsRequired><Value i:nil="true"/></Attribute><Attribute z:Id="i67"><AttributeType>offset</AttributeType><IsRequired>false</IsRequired><Value i:nil="true"/></Attribute></Attributes><ChildElements/><ElementName>mimic</ElementName><required>false</required><JointNameAttribute z:Ref="i65"/><MultiplierAttribute z:Ref="i66"/><OffsetAttribute z:Ref="i67"/></URDFElement></ChildElements><ElementName>joint</ElementName><required>false</required><Axis z:Ref="i46"/><AxisName/><Calibration z:Ref="i53"/><Child z:Ref="i44"/><CoordinateSystemName>Origin_global</CoordinateSystemName><Dynamics z:Ref="i56"/><Limit z:Ref="i48"/><Mimic z:Ref="i64"/><NameAttribute z:Ref="i37"/><Origin z:Ref="i39"/><Parent z:Ref="i42"/><Safety z:Ref="i59"/><TypeAttribute z:Ref="i38"/></URDFElement></ChildElements><ElementName>link</ElementName><required>true</required><Children/><Collision z:Ref="i29"/><Inertial z:Ref="i3"/><Joint z:Ref="i36"/><NameAttribute z:Ref="i2"/><Parent i:nil="true"/><STLQualityFine>false</STLQualityFine><SWComponentPIDs xmlns:a="http://schemas.microsoft.com/2003/10/Serialization/Arrays"><a:base64Binary>OEoAAAUAAAD//v8AAAAAAA==</a:base64Binary></SWComponentPIDs><SWMainComponentPID i:nil="true"/><Visual z:Ref="i16"/><isFixedFrame>false</isFixedFrame><isIncomplete>false</isIncomplete></Link>
2026-09-25 17:58:28,130 INFO  LinkNode.cs: 35 - Building node base_link
2026-09-25 17:58:28,130 INFO  CommonSwOperations.cs: 221 - Loading SolidWorks components for base_link from C:\Users\vcm\Downloads\Full Model Assembly (1).SLDASM
2026-09-25 17:58:28,130 INFO  CommonSwOperations.cs: 245 - Loading component with PID 8J     ???     
2026-09-25 17:58:28,130 INFO  CommonSwOperations.cs: 254 - Successfully loaded component C:\Users\vcm\Downloads\Full Model Assembly (1).SLDASM
2026-09-25 17:58:28,146 INFO  CommonSwOperations.cs: 230 - Loaded 1 components for link base_link
2026-09-25 17:58:28,164 INFO  SwAddin.cs: 344 - Showing property manager
2026-09-25 17:58:43,073 INFO  ExportPropertyManager.cs: 422 - Configuration saved
2026-09-25 17:58:43,086 INFO  ConfigurationSerialization.cs: 276 - URDF Configuration found
<Link z:Id="i1" xmlns="http://schemas.datacontract.org/2004/07/SW2URDF" xmlns:i="http://www.w3.org/2001/XMLSchema-instance" xmlns:z="http://schemas.microsoft.com/2003/10/Serialization/"><Attributes><Attribute z:Id="i2"><AttributeType>name</AttributeType><IsRequired>true</IsRequired><Value i:type="a:string" xmlns:a="http://www.w3.org/2001/XMLSchema">base_link</Value></Attribute></Attributes><ChildElements><URDFElement z:Id="i3" i:type="Inertial"><Attributes/><ChildElements><URDFElement z:Id="i4" i:type="Origin"><Attributes><Attribute z:Id="i5"><AttributeType>xyz</AttributeType><IsRequired>true</IsRequired><Value i:type="a:ArrayOfdouble" xmlns:a="http://schemas.microsoft.com/2003/10/Serialization/Arrays"><a:double>-0.022224999999999995</a:double><a:double>0.047338681873306587</a:double><a:double>7.0422199957108511E-07</a:double></Value></Attribute><Attribute z:Id="i6"><AttributeType>rpy</AttributeType><IsRequired>true</IsRequired><Value i:type="a:ArrayOfdouble" xmlns:a="http://schemas.microsoft.com/2003/10/Serialization/Arrays"><a:double>0</a:double><a:double>0</a:double><a:double>0</a:double></Value></Attribute></Attributes><ChildElements/><ElementName>origin</ElementName><required>false</required><RPYAttribute z:Ref="i6"/><XYZAttribute z:Ref="i5"/><isCustomized>false</isCustomized></URDFElement><URDFElement z:Id="i7" i:type="Mass"><Attributes><Attribute z:Id="i8"><AttributeType>value</AttributeType><IsRequired>true</IsRequired><Value i:type="a:double" xmlns:a="http://www.w3.org/2001/XMLSchema">0.12788437377049863</Value></Attribute></Attributes><ChildElements/><ElementName>mass</ElementName><required>false</required><ValueAttribute z:Ref="i8"/></URDFElement><URDFElement z:Id="i9" i:type="Inertia"><Attributes><Attribute z:Id="i10"><AttributeType>ixx</AttributeType><IsRequired>true</IsRequired><Value i:type="a:double" xmlns:a="http://www.w3.org/2001/XMLSchema">0.00027148584925245272</Value></Attribute><Attribute z:Id="i11"><AttributeType>ixy</AttributeType><IsRequired>true</IsRequired><Value i:type="a:double" xmlns:a="http://www.w3.org/2001/XMLSchema">1.4683288976193931E-20</Value></Attribute><Attribute z:Id="i12"><AttributeType>ixz</AttributeType><IsRequired>true</IsRequired><Value i:type="a:double" xmlns:a="http://www.w3.org/2001/XMLSchema">-2.7511802165677195E-13</Value></Attribute><Attribute z:Id="i13"><AttributeType>iyy</AttributeType><IsRequired>true</IsRequired><Value i:type="a:double" xmlns:a="http://www.w3.org/2001/XMLSchema">8.6801431408111191E-05</Value></Attribute><Attribute z:Id="i14"><AttributeType>iyz</AttributeType><IsRequired>true</IsRequired><Value i:type="a:double" xmlns:a="http://www.w3.org/2001/XMLSchema">4.2304703857949662E-09</Value></Attribute><Attribute z:Id="i15"><AttributeType>izz</AttributeType><IsRequired>true</IsRequired><Value i:type="a:double" xmlns:a="http://www.w3.org/2001/XMLSchema">0.00021019783554942215</Value></Attribute></Attributes><ChildElements/><ElementName>inertia</ElementName><required>false</required><IxxAttribute z:Ref="i10"/><IxyAttribute z:Ref="i11"/><IxzAttribute z:Ref="i12"/><IyyAttribute z:Ref="i13"/><IyzAttribute z:Ref="i14"/><IzzAttribute z:Ref="i15"/></URDFElement></ChildElements><ElementName>inertial</ElementName><required>false</required><Inertia z:Ref="i9"/><Mass z:Ref="i7"/><Origin z:Ref="i4"/></URDFElement><URDFElement z:Id="i16" i:type="Visual"><Attributes/><ChildElements><URDFElement z:Id="i17" i:type="Origin"><Attributes><Attribute z:Id="i18"><AttributeType>xyz</AttributeType><IsRequired>true</IsRequired><Value i:type="a:ArrayOfdouble" xmlns:a="http://schemas.microsoft.com/2003/10/Serialization/Arrays"><a:double>0</a:double><a:double>0</a:double><a:double>0</a:double></Value></Attribute><Attribute z:Id="i19"><AttributeType>rpy</AttributeType><IsRequired>true</IsRequired><Value i:type="a:ArrayOfdouble" xmlns:a="http://schemas.microsoft.com/2003/10/Serialization/Arrays"><a:double>0</a:double><a:double>0</a:double><a:double>0</a:double></Value></Attribute></Attributes><ChildElements/><ElementName>origin</ElementName><required>false</required><RPYAttribute z:Ref="i19"/><XYZAttribute z:Ref="i18"/><isCustomized>false</isCustomized></URDFElement><URDFElement z:Id="i20" i:type="Geometry"><Attributes/><ChildElements><URDFElement z:Id="i21" i:type="Mesh"><Attributes><Attribute z:Id="i22"><AttributeType>filename</AttributeType><IsRequired>true</IsRequired><Value i:nil="true"/></Attribute></Attributes><ChildElements/><ElementName>mesh</ElementName><required>false</required><FilenameAttribute z:Ref="i22"/></URDFElement></ChildElements><ElementName>geometry</ElementName><required>true</required><Mesh z:Ref="i21"/></URDFElement><URDFElement z:Id="i23" i:type="Material"><Attributes><Attribute z:Id="i24"><AttributeType>name</AttributeType><IsRequired>true</IsRequired><Value i:type="a:string" xmlns:a="http://www.w3.org/2001/XMLSchema"/></Attribute></Attributes><ChildElements><URDFElement z:Id="i25" i:type="Color"><Attributes><Attribute z:Id="i26"><AttributeType>rgba</AttributeType><IsRequired>true</IsRequired><Value i:type="a:ArrayOfdouble" xmlns:a="http://schemas.microsoft.com/2003/10/Serialization/Arrays"><a:double>0.69803921568627447</a:double><a:double>0.69803921568627447</a:double><a:double>0.69803921568627447</a:double><a:double>1</a:double></Value></Attribute></Attributes><ChildElements/><ElementName>color</ElementName><required>false</required><RGBAAttribute z:Ref="i26"/></URDFElement><URDFElement z:Id="i27" i:type="Texture"><Attributes><Attribute z:Id="i28"><AttributeType>filename</AttributeType><IsRequired>true</IsRequired><Value i:nil="true"/></Attribute></Attributes><ChildElements/><ElementName>texture</ElementName><required>false</required><FilenameAttribute z:Ref="i28"/><wFilename/></URDFElement></ChildElements><ElementName>material</ElementName><required>false</required><Color z:Ref="i25"/><NameAttribute z:Ref="i24"/><Texture z:Ref="i27"/></URDFElement></ChildElements><ElementName>visual</ElementName><required>false</required><Geometry z:Ref="i20"/><Material z:Ref="i23"/><Origin z:Ref="i17"/></URDFElement><URDFElement z:Id="i29" i:type="Collision"><Attributes/><ChildElements><URDFElement z:Id="i30" i:type="Origin"><Attributes><Attribute z:Id="i31"><AttributeType>xyz</AttributeType><IsRequired>true</IsRequired><Value i:type="a:ArrayOfdouble" xmlns:a="http://schemas.microsoft.com/2003/10/Serialization/Arrays"><a:double>0</a:double><a:double>0</a:double><a:double>0</a:double></Value></Attribute><Attribute z:Id="i32"><AttributeType>rpy</AttributeType><IsRequired>true</IsRequired><Value i:type="a:ArrayOfdouble" xmlns:a="http://schemas.microsoft.com/2003/10/Serialization/Arrays"><a:double>0</a:double><a:double>0</a:double><a:double>0</a:double></Value></Attribute></Attributes><ChildElements/><ElementName>origin</ElementName><required>false</required><RPYAttribute z:Ref="i32"/><XYZAttribute z:Ref="i31"/><isCustomized>false</isCustomized></URDFElement><URDFElement z:Id="i33" i:type="Geometry"><Attributes/><ChildElements><URDFElement z:Id="i34" i:type="Mesh"><Attributes><Attribute z:Id="i35"><AttributeType>filename</AttributeType><IsRequired>true</IsRequired><Value i:nil="true"/></Attribute></Attributes><ChildElements/><ElementName>mesh</ElementName><required>false</required><FilenameAttribute z:Ref="i35"/></URDFElement></ChildElements><ElementName>geometry</ElementName><required>true</required><Mesh z:Ref="i34"/></URDFElement></ChildElements><ElementName>collision</ElementName><required>false</required><Geometry z:Ref="i33"/><Origin z:Ref="i30"/></URDFElement><URDFElement z:Id="i36" i:type="Joint"><Attributes><Attribute z:Id="i37"><AttributeType>name</AttributeType><IsRequired>true</IsRequired><Value i:type="a:string" xmlns:a="http://www.w3.org/2001/XMLSchema"/></Attribute><Attribute z:Id="i38"><AttributeType>type</AttributeType><IsRequired>true</IsRequired><Value i:type="a:string" xmlns:a="http://www.w3.org/2001/XMLSchema"/></Attribute></Attributes><ChildElements><URDFElement z:Id="i39" i:type="Origin"><Attributes><Attribute z:Id="i40"><AttributeType>xyz</AttributeType><IsRequired>true</IsRequired><Value i:type="a:ArrayOfdouble" xmlns:a="http://schemas.microsoft.com/2003/10/Serialization/Arrays"><a:double>0</a:double><a:double>0</a:double><a:double>0</a:double></Value></Attribute><Attribute z:Id="i41"><AttributeType>rpy</AttributeType><IsRequired>true</IsRequired><Value i:type="a:ArrayOfdouble" xmlns:a="http://schemas.microsoft.com/2003/10/Serialization/Arrays"><a:double>0</a:double><a:double>0</a:double><a:double>0</a:double></Value></Attribute></Attributes><ChildElements/><ElementName>origin</ElementName><required>false</required><RPYAttribute z:Ref="i41"/><XYZAttribute z:Ref="i40"/><isCustomized>false</isCustomized></URDFElement><URDFElement z:Id="i42" i:type="ParentLink"><Attributes><Attribute z:Id="i43"><AttributeType>link</AttributeType><IsRequired>true</IsRequired><Value i:type="a:string" xmlns:a="http://www.w3.org/2001/XMLSchema"/></Attribute></Attributes><ChildElements/><ElementName>parent</ElementName><required>true</required><NameAttribute z:Ref="i43"/></URDFElement><URDFElement z:Id="i44" i:type="ChildLink"><Attributes><Attribute z:Id="i45"><AttributeType>link</AttributeType><IsRequired>true</IsRequired><Value i:type="a:string" xmlns:a="http://www.w3.org/2001/XMLSchema"/></Attribute></Attributes><ChildElements/><ElementName>child</ElementName><required>true</required><NameAttribute z:Ref="i45"/></URDFElement><URDFElement z:Id="i46" i:type="Axis"><Attributes><Attribute z:Id="i47"><AttributeType>xyz</AttributeType><IsRequired>true</IsRequired><Value i:type="a:ArrayOfdouble" xmlns:a="http://schemas.microsoft.com/2003/10/Serialization/Arrays"><a:double>0</a:double><a:double>0</a:double><a:double>0</a:double></Value></Attribute></Attributes><ChildElements/><ElementName>axis</ElementName><required>false</required><XYZAttribute z:Ref="i47"/></URDFElement><URDFElement z:Id="i48" i:type="Limit"><Attributes><Attribute z:Id="i49"><AttributeType>lower</AttributeType><IsRequired>false</IsRequired><Value i:nil="true"/></Attribute><Attribute z:Id="i50"><AttributeType>upper</AttributeType><IsRequired>false</IsRequired><Value i:nil="true"/></Attribute><Attribute z:Id="i51"><AttributeType>effort</AttributeType><IsRequired>true</IsRequired><Value i:nil="true"/></Attribute><Attribute z:Id="i52"><AttributeType>velocity</AttributeType><IsRequired>true</IsRequired><Value i:nil="true"/></Attribute></Attributes><ChildElements/><ElementName>limit</ElementName><required>false</required><EffortAttribute z:Ref="i51"/><LowerAttribute z:Ref="i49"/><UpperAttribute z:Ref="i50"/><VelocityAttribute z:Ref="i52"/></URDFElement><URDFElement z:Id="i53" i:type="Calibration"><Attributes><Attribute z:Id="i54"><AttributeType>rising</AttributeType><IsRequired>false</IsRequired><Value i:nil="true"/></Attribute><Attribute z:Id="i55"><AttributeType>falling</AttributeType><IsRequired>false</IsRequired><Value i:nil="true"/></Attribute></Attributes><ChildElements/><ElementName>calibration</ElementName><required>false</required><FallingAttribute z:Ref="i55"/><RisingAttribute z:Ref="i54"/></URDFElement><URDFElement z:Id="i56" i:type="Dynamics"><Attributes><Attribute z:Id="i57"><AttributeType>damping</AttributeType><IsRequired>false</IsRequired><Value i:nil="true"/></Attribute><Attribute z:Id="i58"><AttributeType>friction</AttributeType><IsRequired>false</IsRequired><Value i:nil="true"/></Attribute></Attributes><ChildElements/><ElementName>dynamics</ElementName><required>false</required><DampingAttribute z:Ref="i57"/><FrictionAttribute z:Ref="i58"/></URDFElement><URDFElement z:Id="i59" i:type="SafetyController"><Attributes><Attribute z:Id="i60"><AttributeType>soft_upper_limit</AttributeType><IsRequired>false</IsRequired><Value i:nil="true"/></Attribute><Attribute z:Id="i61"><AttributeType>soft_lower_limit</AttributeType><IsRequired>false</IsRequired><Value i:nil="true"/></Attribute><Attribute z:Id="i62"><AttributeType>k_position</AttributeType><IsRequired>false</IsRequired><Value i:nil="true"/></Attribute><Attribute z:Id="i63"><AttributeType>k_velocity</AttributeType><IsRequired>true</IsRequired><Value i:nil="true"/></Attribute></Attributes><ChildElements/><ElementName>safety_controller</ElementName><required>false</required><KPositionAttribute z:Ref="i62"/><KVelocityAttribute z:Ref="i63"/><SoftLowerAttribute z:Ref="i61"/><SoftUpperAttribute z:Ref="i60"/></URDFElement><URDFElement z:Id="i64" i:type="Mimic"><Attributes><Attribute z:Id="i65"><AttributeType>joint</AttributeType><IsRequired>true</IsRequired><Value i:nil="true"/></Attribute><Attribute z:Id="i66"><AttributeType>multiplier</AttributeType><IsRequired>false</IsRequired><Value i:nil="true"/></Attribute><Attribute z:Id="i67"><AttributeType>offset</AttributeType><IsRequired>false</IsRequired><Value i:nil="true"/></Attribute></Attributes><ChildElements/><ElementName>mimic</ElementName><required>false</required><JointNameAttribute z:Ref="i65"/><MultiplierAttribute z:Ref="i66"/><OffsetAttribute z:Ref="i67"/></URDFElement></ChildElements><ElementName>joint</ElementName><required>false</required><Axis z:Ref="i46"/><AxisName/><Calibration z:Ref="i53"/><Child z:Ref="i44"/><CoordinateSystemName>Origin_global</CoordinateSystemName><Dynamics z:Ref="i56"/><Limit z:Ref="i48"/><Mimic z:Ref="i64"/><NameAttribute z:Ref="i37"/><Origin z:Ref="i39"/><Parent z:Ref="i42"/><Safety z:Ref="i59"/><TypeAttribute z:Ref="i38"/></URDFElement></ChildElements><ElementName>link</ElementName><required>true</required><Children/><Collision z:Ref="i29"/><Inertial z:Ref="i3"/><Joint z:Ref="i36"/><NameAttribute z:Ref="i2"/><Parent i:nil="true"/><STLQualityFine>false</STLQualityFine><SWComponentPIDs xmlns:a="http://schemas.microsoft.com/2003/10/Serialization/Arrays"><a:base64Binary>OEoAAAUAAAD//v8AAAAAAA==</a:base64Binary></SWComponentPIDs><SWMainComponentPID i:nil="true"/><Visual z:Ref="i16"/><isFixedFrame>false</isFixedFrame><isIncomplete>false</isIncomplete></Link>
2026-09-25 17:58:44,198 INFO  ExportPropertyManager.cs: 1142 - AfterClose called. This method no longer throws an Exception. It just silently does nothing. Ok, except for this logging message
2026-09-25 17:59:34,185 INFO  SwAddin.cs: 294 - Assembly export called for file Full Model Assembly (1)
2026-09-25 17:59:39,575 INFO  SwAddin.cs: 313 - Saving assembly
2026-09-25 17:59:41,000 INFO  SwAddin.cs: 316 - Opening property manager
2026-09-25 17:59:41,004 INFO  ExportHelperExtension.cs: 1125 - Retrieving features of type [CoordSys] from Full Model Assembly (1)
2026-09-25 17:59:41,004 INFO  ExportHelperExtension.cs: 1136 - Found 225 in Full Model Assembly (1)
2026-09-25 17:59:41,006 INFO  ExportHelperExtension.cs: 1145 - Found 1 features of type [CoordSys] in Full Model Assembly (1)
2026-09-25 17:59:41,006 INFO  ExportHelperExtension.cs: 1148 - Proceeding through assembly components
2026-09-25 17:59:41,006 INFO  ExportHelperExtension.cs: 1160 - 44 components to check
2026-09-25 17:59:41,006 INFO  ExportHelperExtension.cs: 1125 - Retrieving features of type [CoordSys] from Mockup2-2
2026-09-25 17:59:41,006 INFO  ExportHelperExtension.cs: 1136 - Found 37 in Mockup2-2
2026-09-25 17:59:41,006 INFO  ExportHelperExtension.cs: 1145 - Found 0 features of type [CoordSys] in Mockup2-2
2026-09-25 17:59:41,009 INFO  ExportHelperExtension.cs: 1125 - Retrieving features of type [CoordSys] from SideFrame1_nmw37_10_19_24-1
2026-09-25 17:59:41,009 INFO  ExportHelperExtension.cs: 1136 - Found 32 in SideFrame1_nmw37_10_19_24-1
2026-09-25 17:59:41,009 INFO  ExportHelperExtension.cs: 1145 - Found 0 features of type [CoordSys] in SideFrame1_nmw37_10_19_24-1
2026-09-25 17:59:41,009 INFO  ExportHelperExtension.cs: 1125 - Retrieving features of type [CoordSys] from Mockup2-1
2026-09-25 17:59:41,011 INFO  ExportHelperExtension.cs: 1136 - Found 37 in Mockup2-1
2026-09-25 17:59:41,011 INFO  ExportHelperExtension.cs: 1145 - Found 0 features of type [CoordSys] in Mockup2-1
2026-09-25 17:59:41,011 INFO  ExportHelperExtension.cs: 1125 - Retrieving features of type [CoordSys] from FINAL backplate Frame Mounts-1
2026-09-25 17:59:41,011 INFO  ExportHelperExtension.cs: 1136 - Found 58 in FINAL backplate Frame Mounts-1
2026-09-25 17:59:41,013 INFO  ExportHelperExtension.cs: 1145 - Found 0 features of type [CoordSys] in FINAL backplate Frame Mounts-1
2026-09-25 17:59:41,013 INFO  ExportHelperExtension.cs: 1125 - Retrieving features of type [CoordSys] from CapsuleCap cg376 1010-3
2026-09-25 17:59:41,015 INFO  ExportHelperExtension.cs: 1136 - Found 34 in CapsuleCap cg376 1010-3
2026-09-25 17:59:41,015 INFO  ExportHelperExtension.cs: 1145 - Found 0 features of type [CoordSys] in CapsuleCap cg376 1010-3
2026-09-25 17:59:41,015 INFO  ExportHelperExtension.cs: 1125 - Retrieving features of type [CoordSys] from CapsuleCap cg376 1010-2
2026-09-25 17:59:41,015 INFO  ExportHelperExtension.cs: 1136 - Found 34 in CapsuleCap cg376 1010-2
2026-09-25 17:59:41,017 INFO  ExportHelperExtension.cs: 1145 - Found 0 features of type [CoordSys] in CapsuleCap cg376 1010-2
2026-09-25 17:59:41,017 INFO  ExportHelperExtension.cs: 1125 - Retrieving features of type [CoordSys] from through hole_L bracket_rzc_10_5_24-5
2026-09-25 17:59:41,017 INFO  ExportHelperExtension.cs: 1136 - Found 36 in through hole_L bracket_rzc_10_5_24-5
2026-09-25 17:59:41,017 INFO  ExportHelperExtension.cs: 1145 - Found 0 features of type [CoordSys] in through hole_L bracket_rzc_10_5_24-5
2026-09-25 17:59:41,019 INFO  ExportHelperExtension.cs: 1125 - Retrieving features of type [CoordSys] from Metal_Bar-3
2026-09-25 17:59:41,019 INFO  ExportHelperExtension.cs: 1136 - Found 29 in Metal_Bar-3
2026-09-25 17:59:41,019 INFO  ExportHelperExtension.cs: 1145 - Found 0 features of type [CoordSys] in Metal_Bar-3
2026-09-25 17:59:41,019 INFO  ExportHelperExtension.cs: 1125 - Retrieving features of type [CoordSys] from Metal_Bar-1
2026-09-25 17:59:41,021 INFO  ExportHelperExtension.cs: 1136 - Found 29 in Metal_Bar-1
2026-09-25 17:59:41,021 INFO  ExportHelperExtension.cs: 1145 - Found 0 features of type [CoordSys] in Metal_Bar-1
2026-09-25 17:59:41,021 INFO  ExportHelperExtension.cs: 1125 - Retrieving features of type [CoordSys] from SideFrame1_nmw37_10_19_24-2
2026-09-25 17:59:41,021 INFO  ExportHelperExtension.cs: 1136 - Found 32 in SideFrame1_nmw37_10_19_24-2
2026-09-25 17:59:41,021 INFO  ExportHelperExtension.cs: 1145 - Found 0 features of type [CoordSys] in SideFrame1_nmw37_10_19_24-2
2026-09-25 17:59:41,021 INFO  ExportHelperExtension.cs: 1125 - Retrieving features of type [CoordSys] from through hole_L bracket_rzc_10_5_24-2
2026-09-25 17:59:41,024 INFO  ExportHelperExtension.cs: 1136 - Found 36 in through hole_L bracket_rzc_10_5_24-2
2026-09-25 17:59:41,024 INFO  ExportHelperExtension.cs: 1145 - Found 0 features of type [CoordSys] in through hole_L bracket_rzc_10_5_24-2
2026-09-25 17:59:41,024 INFO  ExportHelperExtension.cs: 1125 - Retrieving features of type [CoordSys] from Metal_Bar-2
2026-09-25 17:59:41,026 INFO  ExportHelperExtension.cs: 1136 - Found 29 in Metal_Bar-2
2026-09-25 17:59:41,026 INFO  ExportHelperExtension.cs: 1145 - Found 0 features of type [CoordSys] in Metal_Bar-2
2026-09-25 17:59:41,026 INFO  ExportHelperExtension.cs: 1125 - Retrieving features of type [CoordSys] from FINAL backplate Frame Mounts-2
2026-09-25 17:59:41,026 INFO  ExportHelperExtension.cs: 1136 - Found 58 in FINAL backplate Frame Mounts-2
2026-09-25 17:59:41,028 INFO  ExportHelperExtension.cs: 1145 - Found 0 features of type [CoordSys] in FINAL backplate Frame Mounts-2
2026-09-25 17:59:41,028 INFO  ExportHelperExtension.cs: 1125 - Retrieving features of type [CoordSys] from Back Plate cg376 1010-2
2026-09-25 17:59:41,028 INFO  ExportHelperExtension.cs: 1136 - Found 46 in Back Plate cg376 1010-2
2026-09-25 17:59:41,030 INFO  ExportHelperExtension.cs: 1145 - Found 0 features of type [CoordSys] in Back Plate cg376 1010-2
2026-09-25 17:59:41,030 INFO  ExportHelperExtension.cs: 1125 - Retrieving features of type [CoordSys] from through hole_L bracket_rzc_10_5_24-1
2026-09-25 17:59:41,030 INFO  ExportHelperExtension.cs: 1136 - Found 36 in through hole_L bracket_rzc_10_5_24-1
2026-09-25 17:59:41,031 INFO  ExportHelperExtension.cs: 1145 - Found 0 features of type [CoordSys] in through hole_L bracket_rzc_10_5_24-1
2026-09-25 17:59:41,031 INFO  ExportHelperExtension.cs: 1125 - Retrieving features of type [CoordSys] from through hole_L bracket_rzc_10_5_24-3
2026-09-25 17:59:41,031 INFO  ExportHelperExtension.cs: 1136 - Found 36 in through hole_L bracket_rzc_10_5_24-3
2026-09-25 17:59:41,031 INFO  ExportHelperExtension.cs: 1145 - Found 0 features of type [CoordSys] in through hole_L bracket_rzc_10_5_24-3
2026-09-25 17:59:41,031 INFO  ExportHelperExtension.cs: 1125 - Retrieving features of type [CoordSys] from through hole_L bracket_rzc_10_5_24-4
2026-09-25 17:59:41,033 INFO  ExportHelperExtension.cs: 1136 - Found 36 in through hole_L bracket_rzc_10_5_24-4
2026-09-25 17:59:41,033 INFO  ExportHelperExtension.cs: 1145 - Found 0 features of type [CoordSys] in through hole_L bracket_rzc_10_5_24-4
2026-09-25 17:59:41,033 INFO  ExportHelperExtension.cs: 1125 - Retrieving features of type [CoordSys] from through hole_L bracket_rzc_10_5_24-6
2026-09-25 17:59:41,035 INFO  ExportHelperExtension.cs: 1136 - Found 36 in through hole_L bracket_rzc_10_5_24-6
2026-09-25 17:59:41,035 INFO  ExportHelperExtension.cs: 1145 - Found 0 features of type [CoordSys] in through hole_L bracket_rzc_10_5_24-6
2026-09-25 17:59:41,035 INFO  ExportHelperExtension.cs: 1125 - Retrieving features of type [CoordSys] from Metal_Bar-4
2026-09-25 17:59:41,035 INFO  ExportHelperExtension.cs: 1136 - Found 29 in Metal_Bar-4
2026-09-25 17:59:41,037 INFO  ExportHelperExtension.cs: 1145 - Found 0 features of type [CoordSys] in Metal_Bar-4
2026-09-25 17:59:41,037 INFO  ExportHelperExtension.cs: 1125 - Retrieving features of type [CoordSys] from SideThrusterMounting-4
2026-09-25 17:59:41,037 INFO  ExportHelperExtension.cs: 1136 - Found 92 in SideThrusterMounting-4
2026-09-25 17:59:41,039 INFO  ExportHelperExtension.cs: 1145 - Found 0 features of type [CoordSys] in SideThrusterMounting-4
2026-09-25 17:59:41,039 INFO  ExportHelperExtension.cs: 1125 - Retrieving features of type [CoordSys] from through hole_L bracket_rzc_10_5_24-7
2026-09-25 17:59:41,039 INFO  ExportHelperExtension.cs: 1136 - Found 36 in through hole_L bracket_rzc_10_5_24-7
2026-09-25 17:59:41,039 INFO  ExportHelperExtension.cs: 1145 - Found 0 features of type [CoordSys] in through hole_L bracket_rzc_10_5_24-7
2026-09-25 17:59:41,041 INFO  ExportHelperExtension.cs: 1125 - Retrieving features of type [CoordSys] from through hole_L bracket_rzc_10_5_24-8
2026-09-25 17:59:41,041 INFO  ExportHelperExtension.cs: 1136 - Found 36 in through hole_L bracket_rzc_10_5_24-8
2026-09-25 17:59:41,041 INFO  ExportHelperExtension.cs: 1145 - Found 0 features of type [CoordSys] in through hole_L bracket_rzc_10_5_24-8
2026-09-25 17:59:41,041 INFO  ExportHelperExtension.cs: 1125 - Retrieving features of type [CoordSys] from Wayfinder_DVL-2
2026-09-25 17:59:41,043 INFO  ExportHelperExtension.cs: 1136 - Found 33 in Wayfinder_DVL-2
2026-09-25 17:59:41,043 INFO  ExportHelperExtension.cs: 1145 - Found 0 features of type [CoordSys] in Wayfinder_DVL-2
2026-09-25 17:59:41,043 INFO  ExportHelperExtension.cs: 1125 - Retrieving features of type [CoordSys] from Ping360ASM-1
2026-09-25 17:59:41,043 INFO  ExportHelperExtension.cs: 1136 - Found 27 in Ping360ASM-1
2026-09-25 17:59:41,045 INFO  ExportHelperExtension.cs: 1145 - Found 0 features of type [CoordSys] in Ping360ASM-1
2026-09-25 17:59:41,045 INFO  ExportHelperExtension.cs: 1125 - Retrieving features of type [CoordSys] from through hole_L bracket_rzc_10_5_24-9
2026-09-25 17:59:41,045 INFO  ExportHelperExtension.cs: 1136 - Found 36 in through hole_L bracket_rzc_10_5_24-9
2026-09-25 17:59:41,047 INFO  ExportHelperExtension.cs: 1145 - Found 0 features of type [CoordSys] in through hole_L bracket_rzc_10_5_24-9
2026-09-25 17:59:41,047 INFO  ExportHelperExtension.cs: 1125 - Retrieving features of type [CoordSys] from through hole_L bracket_rzc_10_5_24-10
2026-09-25 17:59:41,047 INFO  ExportHelperExtension.cs: 1136 - Found 36 in through hole_L bracket_rzc_10_5_24-10
2026-09-25 17:59:41,047 INFO  ExportHelperExtension.cs: 1145 - Found 0 features of type [CoordSys] in through hole_L bracket_rzc_10_5_24-10
2026-09-25 17:59:41,049 INFO  ExportHelperExtension.cs: 1125 - Retrieving features of type [CoordSys] from DVL_Mount_ajp119-2
2026-09-25 17:59:41,049 INFO  ExportHelperExtension.cs: 1136 - Found 29 in DVL_Mount_ajp119-2
2026-09-25 17:59:41,049 INFO  ExportHelperExtension.cs: 1145 - Found 0 features of type [CoordSys] in DVL_Mount_ajp119-2
2026-09-25 17:59:41,049 INFO  ExportHelperExtension.cs: 1125 - Retrieving features of type [CoordSys] from Camera Mount Bottom v2-1
2026-09-25 17:59:41,051 INFO  ExportHelperExtension.cs: 1136 - Found 67 in Camera Mount Bottom v2-1
2026-09-25 17:59:41,051 INFO  ExportHelperExtension.cs: 1145 - Found 0 features of type [CoordSys] in Camera Mount Bottom v2-1
2026-09-25 17:59:41,051 INFO  ExportHelperExtension.cs: 1125 - Retrieving features of type [CoordSys] from Metal_Bar-5
2026-09-25 17:59:41,053 INFO  ExportHelperExtension.cs: 1136 - Found 29 in Metal_Bar-5
2026-09-25 17:59:41,053 INFO  ExportHelperExtension.cs: 1145 - Found 0 features of type [CoordSys] in Metal_Bar-5
2026-09-25 17:59:41,053 INFO  ExportHelperExtension.cs: 1125 - Retrieving features of type [CoordSys] from backside_L_bracket_rzc_11.9.24-2
2026-09-25 17:59:41,055 INFO  ExportHelperExtension.cs: 1136 - Found 101 in backside_L_bracket_rzc_11.9.24-2
2026-09-25 17:59:41,055 INFO  ExportHelperExtension.cs: 1145 - Found 0 features of type [CoordSys] in backside_L_bracket_rzc_11.9.24-2
2026-09-25 17:59:41,057 INFO  ExportHelperExtension.cs: 1125 - Retrieving features of type [CoordSys] from NEW Camera Mount Top-1
2026-09-25 17:59:41,057 INFO  ExportHelperExtension.cs: 1136 - Found 36 in NEW Camera Mount Top-1
2026-09-25 17:59:41,057 INFO  ExportHelperExtension.cs: 1145 - Found 0 features of type [CoordSys] in NEW Camera Mount Top-1
2026-09-25 17:59:41,057 INFO  ExportHelperExtension.cs: 1125 - Retrieving features of type [CoordSys] from Part1^Full Model Assembly (1)-1
2026-09-25 17:59:41,059 INFO  ExportHelperExtension.cs: 1136 - Found 23 in Part1^Full Model Assembly (1)-1
2026-09-25 17:59:41,059 INFO  ExportHelperExtension.cs: 1145 - Found 0 features of type [CoordSys] in Part1^Full Model Assembly (1)-1
2026-09-25 17:59:41,059 INFO  ExportHelperExtension.cs: 1125 - Retrieving features of type [CoordSys] from Camera Mount Right Angle-1
2026-09-25 17:59:41,061 INFO  ExportHelperExtension.cs: 1136 - Found 71 in Camera Mount Right Angle-1
2026-09-25 17:59:41,061 INFO  ExportHelperExtension.cs: 1145 - Found 0 features of type [CoordSys] in Camera Mount Right Angle-1
2026-09-25 17:59:41,061 INFO  ExportHelperExtension.cs: 1125 - Retrieving features of type [CoordSys] from backside_L_bracket_rzc_11.9.24-1
2026-09-25 17:59:41,063 INFO  ExportHelperExtension.cs: 1136 - Found 101 in backside_L_bracket_rzc_11.9.24-1
2026-09-25 17:59:41,063 INFO  ExportHelperExtension.cs: 1145 - Found 0 features of type [CoordSys] in backside_L_bracket_rzc_11.9.24-1
2026-09-25 17:59:41,063 INFO  ExportHelperExtension.cs: 1125 - Retrieving features of type [CoordSys] from thruster middle mounting assembly mockup-1
2026-09-25 17:59:41,065 INFO  ExportHelperExtension.cs: 1136 - Found 86 in thruster middle mounting assembly mockup-1
2026-09-25 17:59:41,065 INFO  ExportHelperExtension.cs: 1145 - Found 0 features of type [CoordSys] in thruster middle mounting assembly mockup-1
2026-09-25 17:59:41,065 INFO  ExportHelperExtension.cs: 1125 - Retrieving features of type [CoordSys] from NEW Camera Mount Top-2
2026-09-25 17:59:41,067 INFO  ExportHelperExtension.cs: 1136 - Found 36 in NEW Camera Mount Top-2
2026-09-25 17:59:41,067 INFO  ExportHelperExtension.cs: 1145 - Found 0 features of type [CoordSys] in NEW Camera Mount Top-2
2026-09-25 17:59:41,067 INFO  ExportHelperExtension.cs: 1125 - Retrieving features of type [CoordSys] from camera-eHD_3.0_with_WL_STEP_Public-1
2026-09-25 17:59:41,067 INFO  ExportHelperExtension.cs: 1136 - Found 23 in camera-eHD_3.0_with_WL_STEP_Public-1
2026-09-25 17:59:41,069 INFO  ExportHelperExtension.cs: 1145 - Found 0 features of type [CoordSys] in camera-eHD_3.0_with_WL_STEP_Public-1
2026-09-25 17:59:41,069 INFO  ExportHelperExtension.cs: 1125 - Retrieving features of type [CoordSys] from Part2^Full Model Assembly (1)-1
2026-09-25 17:59:41,069 INFO  ExportHelperExtension.cs: 1136 - Found 23 in Part2^Full Model Assembly (1)-1
2026-09-25 17:59:41,071 INFO  ExportHelperExtension.cs: 1145 - Found 0 features of type [CoordSys] in Part2^Full Model Assembly (1)-1
2026-09-25 17:59:41,071 INFO  ExportHelperExtension.cs: 1125 - Retrieving features of type [CoordSys] from camera-eHD_3.0_with_WL_STEP_Public-2
2026-09-25 17:59:41,071 INFO  ExportHelperExtension.cs: 1136 - Found 23 in camera-eHD_3.0_with_WL_STEP_Public-2
2026-09-25 17:59:41,071 INFO  ExportHelperExtension.cs: 1145 - Found 0 features of type [CoordSys] in camera-eHD_3.0_with_WL_STEP_Public-2
2026-09-25 17:59:41,073 INFO  ExportHelperExtension.cs: 1125 - Retrieving features of type [CoordSys] from Power Capsule Assembly-1
2026-09-25 17:59:41,073 INFO  ExportHelperExtension.cs: 1136 - Found 44 in Power Capsule Assembly-1
2026-09-25 17:59:41,073 INFO  ExportHelperExtension.cs: 1145 - Found 0 features of type [CoordSys] in Power Capsule Assembly-1
2026-09-25 17:59:41,075 INFO  ExportHelperExtension.cs: 1125 - Retrieving features of type [CoordSys] from Signal Capsule Assembly-1
2026-09-25 17:59:41,075 INFO  ExportHelperExtension.cs: 1136 - Found 61 in Signal Capsule Assembly-1
2026-09-25 17:59:41,075 INFO  ExportHelperExtension.cs: 1145 - Found 0 features of type [CoordSys] in Signal Capsule Assembly-1
2026-09-25 17:59:41,077 INFO  ExportHelperExtension.cs: 1125 - Retrieving features of type [CoordSys] from Modem Mount-1
2026-09-25 17:59:41,077 INFO  ExportHelperExtension.cs: 1136 - Found 35 in Modem Mount-1
2026-09-25 17:59:41,077 INFO  ExportHelperExtension.cs: 1145 - Found 0 features of type [CoordSys] in Modem Mount-1
2026-09-25 17:59:41,079 INFO  ExportHelperExtension.cs: 1125 - Retrieving features of type [CoordSys] from Pressure_Sensor_9_21_24-1
2026-09-25 17:59:41,079 INFO  ExportHelperExtension.cs: 1136 - Found 36 in Pressure_Sensor_9_21_24-1
2026-09-25 17:59:41,079 INFO  ExportHelperExtension.cs: 1145 - Found 0 features of type [CoordSys] in Pressure_Sensor_9_21_24-1
2026-09-25 17:59:41,079 INFO  ExportHelperExtension.cs: 1125 - Retrieving features of type [CoordSys] from thruster middle mounting assembly mockup - MIRROR-1
2026-09-25 17:59:41,081 INFO  ExportHelperExtension.cs: 1136 - Found 87 in thruster middle mounting assembly mockup - MIRROR-1
2026-09-25 17:59:41,081 INFO  ExportHelperExtension.cs: 1145 - Found 0 features of type [CoordSys] in thruster middle mounting assembly mockup - MIRROR-1
2026-09-25 17:59:41,081 INFO  ExportHelperExtension.cs: 1125 - Retrieving features of type [RefAxis] from Full Model Assembly (1)
2026-09-25 17:59:41,083 INFO  ExportHelperExtension.cs: 1136 - Found 225 in Full Model Assembly (1)
2026-09-25 17:59:41,083 INFO  ExportHelperExtension.cs: 1145 - Found 0 features of type [RefAxis] in Full Model Assembly (1)
2026-09-25 17:59:41,085 INFO  ExportHelperExtension.cs: 1148 - Proceeding through assembly components
2026-09-25 17:59:41,085 INFO  ExportHelperExtension.cs: 1160 - 44 components to check
2026-09-25 17:59:41,085 INFO  ExportHelperExtension.cs: 1125 - Retrieving features of type [RefAxis] from Mockup2-2
2026-09-25 17:59:41,086 INFO  ExportHelperExtension.cs: 1136 - Found 37 in Mockup2-2
2026-09-25 17:59:41,086 INFO  ExportHelperExtension.cs: 1145 - Found 0 features of type [RefAxis] in Mockup2-2
2026-09-25 17:59:41,086 INFO  ExportHelperExtension.cs: 1125 - Retrieving features of type [RefAxis] from SideFrame1_nmw37_10_19_24-1
2026-09-25 17:59:41,086 INFO  ExportHelperExtension.cs: 1136 - Found 32 in SideFrame1_nmw37_10_19_24-1
2026-09-25 17:59:41,088 INFO  ExportHelperExtension.cs: 1145 - Found 0 features of type [RefAxis] in SideFrame1_nmw37_10_19_24-1
2026-09-25 17:59:41,100 INFO  ExportHelperExtension.cs: 1125 - Retrieving features of type [RefAxis] from Mockup2-1
2026-09-25 17:59:41,637 INFO  ExportHelperExtension.cs: 1136 - Found 37 in Mockup2-1
2026-09-25 17:59:41,637 INFO  ExportHelperExtension.cs: 1145 - Found 0 features of type [RefAxis] in Mockup2-1
2026-09-25 17:59:41,637 INFO  ExportHelperExtension.cs: 1125 - Retrieving features of type [RefAxis] from FINAL backplate Frame Mounts-1
2026-09-25 17:59:41,637 INFO  ExportHelperExtension.cs: 1136 - Found 58 in FINAL backplate Frame Mounts-1
2026-09-25 17:59:41,639 INFO  ExportHelperExtension.cs: 1145 - Found 0 features of type [RefAxis] in FINAL backplate Frame Mounts-1
2026-09-25 17:59:41,639 INFO  ExportHelperExtension.cs: 1125 - Retrieving features of type [RefAxis] from CapsuleCap cg376 1010-3
2026-09-25 17:59:41,639 INFO  ExportHelperExtension.cs: 1136 - Found 34 in CapsuleCap cg376 1010-3
2026-09-25 17:59:41,639 INFO  ExportHelperExtension.cs: 1145 - Found 1 features of type [RefAxis] in CapsuleCap cg376 1010-3
2026-09-25 17:59:41,639 INFO  ExportHelperExtension.cs: 1125 - Retrieving features of type [RefAxis] from CapsuleCap cg376 1010-2
2026-09-25 17:59:41,641 INFO  ExportHelperExtension.cs: 1136 - Found 34 in CapsuleCap cg376 1010-2
2026-09-25 17:59:41,641 INFO  ExportHelperExtension.cs: 1145 - Found 1 features of type [RefAxis] in CapsuleCap cg376 1010-2
2026-09-25 17:59:41,641 INFO  ExportHelperExtension.cs: 1125 - Retrieving features of type [RefAxis] from through hole_L bracket_rzc_10_5_24-5
2026-09-25 17:59:41,641 INFO  ExportHelperExtension.cs: 1136 - Found 36 in through hole_L bracket_rzc_10_5_24-5
2026-09-25 17:59:41,641 INFO  ExportHelperExtension.cs: 1145 - Found 0 features of type [RefAxis] in through hole_L bracket_rzc_10_5_24-5
2026-09-25 17:59:41,641 INFO  ExportHelperExtension.cs: 1125 - Retrieving features of type [RefAxis] from Metal_Bar-3
2026-09-25 17:59:41,643 INFO  ExportHelperExtension.cs: 1136 - Found 29 in Metal_Bar-3
2026-09-25 17:59:41,643 INFO  ExportHelperExtension.cs: 1145 - Found 0 features of type [RefAxis] in Metal_Bar-3
2026-09-25 17:59:41,643 INFO  ExportHelperExtension.cs: 1125 - Retrieving features of type [RefAxis] from Metal_Bar-1
2026-09-25 17:59:41,643 INFO  ExportHelperExtension.cs: 1136 - Found 29 in Metal_Bar-1
2026-09-25 17:59:41,643 INFO  ExportHelperExtension.cs: 1145 - Found 0 features of type [RefAxis] in Metal_Bar-1
2026-09-25 17:59:41,643 INFO  ExportHelperExtension.cs: 1125 - Retrieving features of type [RefAxis] from SideFrame1_nmw37_10_19_24-2
2026-09-25 17:59:41,645 INFO  ExportHelperExtension.cs: 1136 - Found 32 in SideFrame1_nmw37_10_19_24-2
2026-09-25 17:59:41,645 INFO  ExportHelperExtension.cs: 1145 - Found 0 features of type [RefAxis] in SideFrame1_nmw37_10_19_24-2
2026-09-25 17:59:41,645 INFO  ExportHelperExtension.cs: 1125 - Retrieving features of type [RefAxis] from through hole_L bracket_rzc_10_5_24-2
2026-09-25 17:59:41,645 INFO  ExportHelperExtension.cs: 1136 - Found 36 in through hole_L bracket_rzc_10_5_24-2
2026-09-25 17:59:41,645 INFO  ExportHelperExtension.cs: 1145 - Found 0 features of type [RefAxis] in through hole_L bracket_rzc_10_5_24-2
2026-09-25 17:59:41,645 INFO  ExportHelperExtension.cs: 1125 - Retrieving features of type [RefAxis] from Metal_Bar-2
2026-09-25 17:59:41,647 INFO  ExportHelperExtension.cs: 1136 - Found 29 in Metal_Bar-2
2026-09-25 17:59:41,647 INFO  ExportHelperExtension.cs: 1145 - Found 0 features of type [RefAxis] in Metal_Bar-2
2026-09-25 17:59:41,647 INFO  ExportHelperExtension.cs: 1125 - Retrieving features of type [RefAxis] from FINAL backplate Frame Mounts-2
2026-09-25 17:59:41,647 INFO  ExportHelperExtension.cs: 1136 - Found 58 in FINAL backplate Frame Mounts-2
2026-09-25 17:59:41,647 INFO  ExportHelperExtension.cs: 1145 - Found 0 features of type [RefAxis] in FINAL backplate Frame Mounts-2
2026-09-25 17:59:41,648 INFO  ExportHelperExtension.cs: 1125 - Retrieving features of type [RefAxis] from Back Plate cg376 1010-2
2026-09-25 17:59:41,648 INFO  ExportHelperExtension.cs: 1136 - Found 46 in Back Plate cg376 1010-2
2026-09-25 17:59:41,650 INFO  ExportHelperExtension.cs: 1145 - Found 0 features of type [RefAxis] in Back Plate cg376 1010-2
2026-09-25 17:59:41,650 INFO  ExportHelperExtension.cs: 1125 - Retrieving features of type [RefAxis] from through hole_L bracket_rzc_10_5_24-1
2026-09-25 17:59:41,650 INFO  ExportHelperExtension.cs: 1136 - Found 36 in through hole_L bracket_rzc_10_5_24-1
2026-09-25 17:59:41,650 INFO  ExportHelperExtension.cs: 1145 - Found 0 features of type [RefAxis] in through hole_L bracket_rzc_10_5_24-1
2026-09-25 17:59:41,650 INFO  ExportHelperExtension.cs: 1125 - Retrieving features of type [RefAxis] from through hole_L bracket_rzc_10_5_24-3
2026-09-25 17:59:41,650 INFO  ExportHelperExtension.cs: 1136 - Found 36 in through hole_L bracket_rzc_10_5_24-3
2026-09-25 17:59:41,650 INFO  ExportHelperExtension.cs: 1145 - Found 0 features of type [RefAxis] in through hole_L bracket_rzc_10_5_24-3
2026-09-25 17:59:41,650 INFO  ExportHelperExtension.cs: 1125 - Retrieving features of type [RefAxis] from through hole_L bracket_rzc_10_5_24-4
2026-09-25 17:59:41,650 INFO  ExportHelperExtension.cs: 1136 - Found 36 in through hole_L bracket_rzc_10_5_24-4
2026-09-25 17:59:41,650 INFO  ExportHelperExtension.cs: 1145 - Found 0 features of type [RefAxis] in through hole_L bracket_rzc_10_5_24-4
2026-09-25 17:59:41,650 INFO  ExportHelperExtension.cs: 1125 - Retrieving features of type [RefAxis] from through hole_L bracket_rzc_10_5_24-6
2026-09-25 17:59:41,650 INFO  ExportHelperExtension.cs: 1136 - Found 36 in through hole_L bracket_rzc_10_5_24-6
2026-09-25 17:59:41,650 INFO  ExportHelperExtension.cs: 1145 - Found 0 features of type [RefAxis] in through hole_L bracket_rzc_10_5_24-6
2026-09-25 17:59:41,650 INFO  ExportHelperExtension.cs: 1125 - Retrieving features of type [RefAxis] from Metal_Bar-4
2026-09-25 17:59:41,650 INFO  ExportHelperExtension.cs: 1136 - Found 29 in Metal_Bar-4
2026-09-25 17:59:41,650 INFO  ExportHelperExtension.cs: 1145 - Found 0 features of type [RefAxis] in Metal_Bar-4
2026-09-25 17:59:41,650 INFO  ExportHelperExtension.cs: 1125 - Retrieving features of type [RefAxis] from SideThrusterMounting-4
2026-09-25 17:59:41,650 INFO  ExportHelperExtension.cs: 1136 - Found 92 in SideThrusterMounting-4
2026-09-25 17:59:41,650 INFO  ExportHelperExtension.cs: 1145 - Found 0 features of type [RefAxis] in SideThrusterMounting-4
2026-09-25 17:59:41,650 INFO  ExportHelperExtension.cs: 1125 - Retrieving features of type [RefAxis] from through hole_L bracket_rzc_10_5_24-7
2026-09-25 17:59:41,650 INFO  ExportHelperExtension.cs: 1136 - Found 36 in through hole_L bracket_rzc_10_5_24-7
2026-09-25 17:59:41,650 INFO  ExportHelperExtension.cs: 1145 - Found 0 features of type [RefAxis] in through hole_L bracket_rzc_10_5_24-7
2026-09-25 17:59:41,650 INFO  ExportHelperExtension.cs: 1125 - Retrieving features of type [RefAxis] from through hole_L bracket_rzc_10_5_24-8
2026-09-25 17:59:41,650 INFO  ExportHelperExtension.cs: 1136 - Found 36 in through hole_L bracket_rzc_10_5_24-8
2026-09-25 17:59:41,650 INFO  ExportHelperExtension.cs: 1145 - Found 0 features of type [RefAxis] in through hole_L bracket_rzc_10_5_24-8
2026-09-25 17:59:41,650 INFO  ExportHelperExtension.cs: 1125 - Retrieving features of type [RefAxis] from Wayfinder_DVL-2
2026-09-25 17:59:41,650 INFO  ExportHelperExtension.cs: 1136 - Found 33 in Wayfinder_DVL-2
2026-09-25 17:59:41,650 INFO  ExportHelperExtension.cs: 1145 - Found 0 features of type [RefAxis] in Wayfinder_DVL-2
2026-09-25 17:59:41,650 INFO  ExportHelperExtension.cs: 1125 - Retrieving features of type [RefAxis] from Ping360ASM-1
2026-09-25 17:59:41,650 INFO  ExportHelperExtension.cs: 1136 - Found 27 in Ping360ASM-1
2026-09-25 17:59:41,650 INFO  ExportHelperExtension.cs: 1145 - Found 0 features of type [RefAxis] in Ping360ASM-1
2026-09-25 17:59:41,650 INFO  ExportHelperExtension.cs: 1125 - Retrieving features of type [RefAxis] from through hole_L bracket_rzc_10_5_24-9
2026-09-25 17:59:41,650 INFO  ExportHelperExtension.cs: 1136 - Found 36 in through hole_L bracket_rzc_10_5_24-9
2026-09-25 17:59:41,650 INFO  ExportHelperExtension.cs: 1145 - Found 0 features of type [RefAxis] in through hole_L bracket_rzc_10_5_24-9
2026-09-25 17:59:41,650 INFO  ExportHelperExtension.cs: 1125 - Retrieving features of type [RefAxis] from through hole_L bracket_rzc_10_5_24-10
2026-09-25 17:59:41,650 INFO  ExportHelperExtension.cs: 1136 - Found 36 in through hole_L bracket_rzc_10_5_24-10
2026-09-25 17:59:41,650 INFO  ExportHelperExtension.cs: 1145 - Found 0 features of type [RefAxis] in through hole_L bracket_rzc_10_5_24-10
2026-09-25 17:59:41,650 INFO  ExportHelperExtension.cs: 1125 - Retrieving features of type [RefAxis] from DVL_Mount_ajp119-2
2026-09-25 17:59:41,650 INFO  ExportHelperExtension.cs: 1136 - Found 29 in DVL_Mount_ajp119-2
2026-09-25 17:59:41,650 INFO  ExportHelperExtension.cs: 1145 - Found 0 features of type [RefAxis] in DVL_Mount_ajp119-2
2026-09-25 17:59:41,650 INFO  ExportHelperExtension.cs: 1125 - Retrieving features of type [RefAxis] from Camera Mount Bottom v2-1
2026-09-25 17:59:41,664 INFO  ExportHelperExtension.cs: 1136 - Found 67 in Camera Mount Bottom v2-1
2026-09-25 17:59:41,664 INFO  ExportHelperExtension.cs: 1145 - Found 0 features of type [RefAxis] in Camera Mount Bottom v2-1
2026-09-25 17:59:41,664 INFO  ExportHelperExtension.cs: 1125 - Retrieving features of type [RefAxis] from Metal_Bar-5
2026-09-25 17:59:41,664 INFO  ExportHelperExtension.cs: 1136 - Found 29 in Metal_Bar-5
2026-09-25 17:59:41,664 INFO  ExportHelperExtension.cs: 1145 - Found 0 features of type [RefAxis] in Metal_Bar-5
2026-09-25 17:59:41,664 INFO  ExportHelperExtension.cs: 1125 - Retrieving features of type [RefAxis] from backside_L_bracket_rzc_11.9.24-2
2026-09-25 17:59:41,664 INFO  ExportHelperExtension.cs: 1136 - Found 101 in backside_L_bracket_rzc_11.9.24-2
2026-09-25 17:59:41,664 INFO  ExportHelperExtension.cs: 1145 - Found 0 features of type [RefAxis] in backside_L_bracket_rzc_11.9.24-2
2026-09-25 17:59:41,664 INFO  ExportHelperExtension.cs: 1125 - Retrieving features of type [RefAxis] from NEW Camera Mount Top-1
2026-09-25 17:59:41,664 INFO  ExportHelperExtension.cs: 1136 - Found 36 in NEW Camera Mount Top-1
2026-09-25 17:59:41,664 INFO  ExportHelperExtension.cs: 1145 - Found 0 features of type [RefAxis] in NEW Camera Mount Top-1
2026-09-25 17:59:41,664 INFO  ExportHelperExtension.cs: 1125 - Retrieving features of type [RefAxis] from Part1^Full Model Assembly (1)-1
2026-09-25 17:59:41,664 INFO  ExportHelperExtension.cs: 1136 - Found 23 in Part1^Full Model Assembly (1)-1
2026-09-25 17:59:41,664 INFO  ExportHelperExtension.cs: 1145 - Found 0 features of type [RefAxis] in Part1^Full Model Assembly (1)-1
2026-09-25 17:59:41,664 INFO  ExportHelperExtension.cs: 1125 - Retrieving features of type [RefAxis] from Camera Mount Right Angle-1
2026-09-25 17:59:41,664 INFO  ExportHelperExtension.cs: 1136 - Found 71 in Camera Mount Right Angle-1
2026-09-25 17:59:41,664 INFO  ExportHelperExtension.cs: 1145 - Found 0 features of type [RefAxis] in Camera Mount Right Angle-1
2026-09-25 17:59:41,664 INFO  ExportHelperExtension.cs: 1125 - Retrieving features of type [RefAxis] from backside_L_bracket_rzc_11.9.24-1
2026-09-25 17:59:41,664 INFO  ExportHelperExtension.cs: 1136 - Found 101 in backside_L_bracket_rzc_11.9.24-1
2026-09-25 17:59:41,664 INFO  ExportHelperExtension.cs: 1145 - Found 0 features of type [RefAxis] in backside_L_bracket_rzc_11.9.24-1
2026-09-25 17:59:41,664 INFO  ExportHelperExtension.cs: 1125 - Retrieving features of type [RefAxis] from thruster middle mounting assembly mockup-1
2026-09-25 17:59:41,664 INFO  ExportHelperExtension.cs: 1136 - Found 86 in thruster middle mounting assembly mockup-1
2026-09-25 17:59:41,664 INFO  ExportHelperExtension.cs: 1145 - Found 0 features of type [RefAxis] in thruster middle mounting assembly mockup-1
2026-09-25 17:59:41,664 INFO  ExportHelperExtension.cs: 1125 - Retrieving features of type [RefAxis] from NEW Camera Mount Top-2
2026-09-25 17:59:41,664 INFO  ExportHelperExtension.cs: 1136 - Found 36 in NEW Camera Mount Top-2
2026-09-25 17:59:41,664 INFO  ExportHelperExtension.cs: 1145 - Found 0 features of type [RefAxis] in NEW Camera Mount Top-2
2026-09-25 17:59:41,664 INFO  ExportHelperExtension.cs: 1125 - Retrieving features of type [RefAxis] from camera-eHD_3.0_with_WL_STEP_Public-1
2026-09-25 17:59:41,664 INFO  ExportHelperExtension.cs: 1136 - Found 23 in camera-eHD_3.0_with_WL_STEP_Public-1
2026-09-25 17:59:41,664 INFO  ExportHelperExtension.cs: 1145 - Found 0 features of type [RefAxis] in camera-eHD_3.0_with_WL_STEP_Public-1
2026-09-25 17:59:41,664 INFO  ExportHelperExtension.cs: 1125 - Retrieving features of type [RefAxis] from Part2^Full Model Assembly (1)-1
2026-09-25 17:59:41,664 INFO  ExportHelperExtension.cs: 1136 - Found 23 in Part2^Full Model Assembly (1)-1
2026-09-25 17:59:41,664 INFO  ExportHelperExtension.cs: 1145 - Found 0 features of type [RefAxis] in Part2^Full Model Assembly (1)-1
2026-09-25 17:59:41,664 INFO  ExportHelperExtension.cs: 1125 - Retrieving features of type [RefAxis] from camera-eHD_3.0_with_WL_STEP_Public-2
2026-09-25 17:59:41,664 INFO  ExportHelperExtension.cs: 1136 - Found 23 in camera-eHD_3.0_with_WL_STEP_Public-2
2026-09-25 17:59:41,664 INFO  ExportHelperExtension.cs: 1145 - Found 0 features of type [RefAxis] in camera-eHD_3.0_with_WL_STEP_Public-2
2026-09-25 17:59:41,664 INFO  ExportHelperExtension.cs: 1125 - Retrieving features of type [RefAxis] from Power Capsule Assembly-1
2026-09-25 17:59:41,664 INFO  ExportHelperExtension.cs: 1136 - Found 44 in Power Capsule Assembly-1
2026-09-25 17:59:41,664 INFO  ExportHelperExtension.cs: 1145 - Found 0 features of type [RefAxis] in Power Capsule Assembly-1
2026-09-25 17:59:41,664 INFO  ExportHelperExtension.cs: 1125 - Retrieving features of type [RefAxis] from Signal Capsule Assembly-1
2026-09-25 17:59:41,664 INFO  ExportHelperExtension.cs: 1136 - Found 61 in Signal Capsule Assembly-1
2026-09-25 17:59:41,664 INFO  ExportHelperExtension.cs: 1145 - Found 0 features of type [RefAxis] in Signal Capsule Assembly-1
2026-09-25 17:59:41,664 INFO  ExportHelperExtension.cs: 1125 - Retrieving features of type [RefAxis] from Modem Mount-1
2026-09-25 17:59:41,664 INFO  ExportHelperExtension.cs: 1136 - Found 35 in Modem Mount-1
2026-09-25 17:59:41,680 INFO  ExportHelperExtension.cs: 1145 - Found 0 features of type [RefAxis] in Modem Mount-1
2026-09-25 17:59:41,680 INFO  ExportHelperExtension.cs: 1125 - Retrieving features of type [RefAxis] from Pressure_Sensor_9_21_24-1
2026-09-25 17:59:41,680 INFO  ExportHelperExtension.cs: 1136 - Found 36 in Pressure_Sensor_9_21_24-1
2026-09-25 17:59:41,680 INFO  ExportHelperExtension.cs: 1145 - Found 0 features of type [RefAxis] in Pressure_Sensor_9_21_24-1
2026-09-25 17:59:41,680 INFO  ExportHelperExtension.cs: 1125 - Retrieving features of type [RefAxis] from thruster middle mounting assembly mockup - MIRROR-1
2026-09-25 17:59:41,682 INFO  ExportHelperExtension.cs: 1136 - Found 87 in thruster middle mounting assembly mockup - MIRROR-1
2026-09-25 17:59:41,682 INFO  ExportHelperExtension.cs: 1145 - Found 0 features of type [RefAxis] in thruster middle mounting assembly mockup - MIRROR-1
2026-09-25 17:59:42,218 INFO  SwAddin.cs: 339 - Loading config tree
2026-09-25 17:59:42,220 INFO  ConfigurationSerialization.cs: 276 - URDF Configuration found
<Link z:Id="i1" xmlns="http://schemas.datacontract.org/2004/07/SW2URDF" xmlns:i="http://www.w3.org/2001/XMLSchema-instance" xmlns:z="http://schemas.microsoft.com/2003/10/Serialization/"><Attributes><Attribute z:Id="i2"><AttributeType>name</AttributeType><IsRequired>true</IsRequired><Value i:type="a:string" xmlns:a="http://www.w3.org/2001/XMLSchema">base_link</Value></Attribute></Attributes><ChildElements><URDFElement z:Id="i3" i:type="Inertial"><Attributes/><ChildElements><URDFElement z:Id="i4" i:type="Origin"><Attributes><Attribute z:Id="i5"><AttributeType>xyz</AttributeType><IsRequired>true</IsRequired><Value i:type="a:ArrayOfdouble" xmlns:a="http://schemas.microsoft.com/2003/10/Serialization/Arrays"><a:double>-0.022224999999999995</a:double><a:double>0.047338681873306587</a:double><a:double>7.0422199957108511E-07</a:double></Value></Attribute><Attribute z:Id="i6"><AttributeType>rpy</AttributeType><IsRequired>true</IsRequired><Value i:type="a:ArrayOfdouble" xmlns:a="http://schemas.microsoft.com/2003/10/Serialization/Arrays"><a:double>0</a:double><a:double>0</a:double><a:double>0</a:double></Value></Attribute></Attributes><ChildElements/><ElementName>origin</ElementName><required>false</required><RPYAttribute z:Ref="i6"/><XYZAttribute z:Ref="i5"/><isCustomized>false</isCustomized></URDFElement><URDFElement z:Id="i7" i:type="Mass"><Attributes><Attribute z:Id="i8"><AttributeType>value</AttributeType><IsRequired>true</IsRequired><Value i:type="a:double" xmlns:a="http://www.w3.org/2001/XMLSchema">0.12788437377049863</Value></Attribute></Attributes><ChildElements/><ElementName>mass</ElementName><required>false</required><ValueAttribute z:Ref="i8"/></URDFElement><URDFElement z:Id="i9" i:type="Inertia"><Attributes><Attribute z:Id="i10"><AttributeType>ixx</AttributeType><IsRequired>true</IsRequired><Value i:type="a:double" xmlns:a="http://www.w3.org/2001/XMLSchema">0.00027148584925245272</Value></Attribute><Attribute z:Id="i11"><AttributeType>ixy</AttributeType><IsRequired>true</IsRequired><Value i:type="a:double" xmlns:a="http://www.w3.org/2001/XMLSchema">1.4683288976193931E-20</Value></Attribute><Attribute z:Id="i12"><AttributeType>ixz</AttributeType><IsRequired>true</IsRequired><Value i:type="a:double" xmlns:a="http://www.w3.org/2001/XMLSchema">-2.7511802165677195E-13</Value></Attribute><Attribute z:Id="i13"><AttributeType>iyy</AttributeType><IsRequired>true</IsRequired><Value i:type="a:double" xmlns:a="http://www.w3.org/2001/XMLSchema">8.6801431408111191E-05</Value></Attribute><Attribute z:Id="i14"><AttributeType>iyz</AttributeType><IsRequired>true</IsRequired><Value i:type="a:double" xmlns:a="http://www.w3.org/2001/XMLSchema">4.2304703857949662E-09</Value></Attribute><Attribute z:Id="i15"><AttributeType>izz</AttributeType><IsRequired>true</IsRequired><Value i:type="a:double" xmlns:a="http://www.w3.org/2001/XMLSchema">0.00021019783554942215</Value></Attribute></Attributes><ChildElements/><ElementName>inertia</ElementName><required>false</required><IxxAttribute z:Ref="i10"/><IxyAttribute z:Ref="i11"/><IxzAttribute z:Ref="i12"/><IyyAttribute z:Ref="i13"/><IyzAttribute z:Ref="i14"/><IzzAttribute z:Ref="i15"/></URDFElement></ChildElements><ElementName>inertial</ElementName><required>false</required><Inertia z:Ref="i9"/><Mass z:Ref="i7"/><Origin z:Ref="i4"/></URDFElement><URDFElement z:Id="i16" i:type="Visual"><Attributes/><ChildElements><URDFElement z:Id="i17" i:type="Origin"><Attributes><Attribute z:Id="i18"><AttributeType>xyz</AttributeType><IsRequired>true</IsRequired><Value i:type="a:ArrayOfdouble" xmlns:a="http://schemas.microsoft.com/2003/10/Serialization/Arrays"><a:double>0</a:double><a:double>0</a:double><a:double>0</a:double></Value></Attribute><Attribute z:Id="i19"><AttributeType>rpy</AttributeType><IsRequired>true</IsRequired><Value i:type="a:ArrayOfdouble" xmlns:a="http://schemas.microsoft.com/2003/10/Serialization/Arrays"><a:double>0</a:double><a:double>0</a:double><a:double>0</a:double></Value></Attribute></Attributes><ChildElements/><ElementName>origin</ElementName><required>false</required><RPYAttribute z:Ref="i19"/><XYZAttribute z:Ref="i18"/><isCustomized>false</isCustomized></URDFElement><URDFElement z:Id="i20" i:type="Geometry"><Attributes/><ChildElements><URDFElement z:Id="i21" i:type="Mesh"><Attributes><Attribute z:Id="i22"><AttributeType>filename</AttributeType><IsRequired>true</IsRequired><Value i:nil="true"/></Attribute></Attributes><ChildElements/><ElementName>mesh</ElementName><required>false</required><FilenameAttribute z:Ref="i22"/></URDFElement></ChildElements><ElementName>geometry</ElementName><required>true</required><Mesh z:Ref="i21"/></URDFElement><URDFElement z:Id="i23" i:type="Material"><Attributes><Attribute z:Id="i24"><AttributeType>name</AttributeType><IsRequired>true</IsRequired><Value i:type="a:string" xmlns:a="http://www.w3.org/2001/XMLSchema"/></Attribute></Attributes><ChildElements><URDFElement z:Id="i25" i:type="Color"><Attributes><Attribute z:Id="i26"><AttributeType>rgba</AttributeType><IsRequired>true</IsRequired><Value i:type="a:ArrayOfdouble" xmlns:a="http://schemas.microsoft.com/2003/10/Serialization/Arrays"><a:double>0.69803921568627447</a:double><a:double>0.69803921568627447</a:double><a:double>0.69803921568627447</a:double><a:double>1</a:double></Value></Attribute></Attributes><ChildElements/><ElementName>color</ElementName><required>false</required><RGBAAttribute z:Ref="i26"/></URDFElement><URDFElement z:Id="i27" i:type="Texture"><Attributes><Attribute z:Id="i28"><AttributeType>filename</AttributeType><IsRequired>true</IsRequired><Value i:nil="true"/></Attribute></Attributes><ChildElements/><ElementName>texture</ElementName><required>false</required><FilenameAttribute z:Ref="i28"/><wFilename/></URDFElement></ChildElements><ElementName>material</ElementName><required>false</required><Color z:Ref="i25"/><NameAttribute z:Ref="i24"/><Texture z:Ref="i27"/></URDFElement></ChildElements><ElementName>visual</ElementName><required>false</required><Geometry z:Ref="i20"/><Material z:Ref="i23"/><Origin z:Ref="i17"/></URDFElement><URDFElement z:Id="i29" i:type="Collision"><Attributes/><ChildElements><URDFElement z:Id="i30" i:type="Origin"><Attributes><Attribute z:Id="i31"><AttributeType>xyz</AttributeType><IsRequired>true</IsRequired><Value i:type="a:ArrayOfdouble" xmlns:a="http://schemas.microsoft.com/2003/10/Serialization/Arrays"><a:double>0</a:double><a:double>0</a:double><a:double>0</a:double></Value></Attribute><Attribute z:Id="i32"><AttributeType>rpy</AttributeType><IsRequired>true</IsRequired><Value i:type="a:ArrayOfdouble" xmlns:a="http://schemas.microsoft.com/2003/10/Serialization/Arrays"><a:double>0</a:double><a:double>0</a:double><a:double>0</a:double></Value></Attribute></Attributes><ChildElements/><ElementName>origin</ElementName><required>false</required><RPYAttribute z:Ref="i32"/><XYZAttribute z:Ref="i31"/><isCustomized>false</isCustomized></URDFElement><URDFElement z:Id="i33" i:type="Geometry"><Attributes/><ChildElements><URDFElement z:Id="i34" i:type="Mesh"><Attributes><Attribute z:Id="i35"><AttributeType>filename</AttributeType><IsRequired>true</IsRequired><Value i:nil="true"/></Attribute></Attributes><ChildElements/><ElementName>mesh</ElementName><required>false</required><FilenameAttribute z:Ref="i35"/></URDFElement></ChildElements><ElementName>geometry</ElementName><required>true</required><Mesh z:Ref="i34"/></URDFElement></ChildElements><ElementName>collision</ElementName><required>false</required><Geometry z:Ref="i33"/><Origin z:Ref="i30"/></URDFElement><URDFElement z:Id="i36" i:type="Joint"><Attributes><Attribute z:Id="i37"><AttributeType>name</AttributeType><IsRequired>true</IsRequired><Value i:type="a:string" xmlns:a="http://www.w3.org/2001/XMLSchema"/></Attribute><Attribute z:Id="i38"><AttributeType>type</AttributeType><IsRequired>true</IsRequired><Value i:type="a:string" xmlns:a="http://www.w3.org/2001/XMLSchema"/></Attribute></Attributes><ChildElements><URDFElement z:Id="i39" i:type="Origin"><Attributes><Attribute z:Id="i40"><AttributeType>xyz</AttributeType><IsRequired>true</IsRequired><Value i:type="a:ArrayOfdouble" xmlns:a="http://schemas.microsoft.com/2003/10/Serialization/Arrays"><a:double>0</a:double><a:double>0</a:double><a:double>0</a:double></Value></Attribute><Attribute z:Id="i41"><AttributeType>rpy</AttributeType><IsRequired>true</IsRequired><Value i:type="a:ArrayOfdouble" xmlns:a="http://schemas.microsoft.com/2003/10/Serialization/Arrays"><a:double>0</a:double><a:double>0</a:double><a:double>0</a:double></Value></Attribute></Attributes><ChildElements/><ElementName>origin</ElementName><required>false</required><RPYAttribute z:Ref="i41"/><XYZAttribute z:Ref="i40"/><isCustomized>false</isCustomized></URDFElement><URDFElement z:Id="i42" i:type="ParentLink"><Attributes><Attribute z:Id="i43"><AttributeType>link</AttributeType><IsRequired>true</IsRequired><Value i:type="a:string" xmlns:a="http://www.w3.org/2001/XMLSchema"/></Attribute></Attributes><ChildElements/><ElementName>parent</ElementName><required>true</required><NameAttribute z:Ref="i43"/></URDFElement><URDFElement z:Id="i44" i:type="ChildLink"><Attributes><Attribute z:Id="i45"><AttributeType>link</AttributeType><IsRequired>true</IsRequired><Value i:type="a:string" xmlns:a="http://www.w3.org/2001/XMLSchema"/></Attribute></Attributes><ChildElements/><ElementName>child</ElementName><required>true</required><NameAttribute z:Ref="i45"/></URDFElement><URDFElement z:Id="i46" i:type="Axis"><Attributes><Attribute z:Id="i47"><AttributeType>xyz</AttributeType><IsRequired>true</IsRequired><Value i:type="a:ArrayOfdouble" xmlns:a="http://schemas.microsoft.com/2003/10/Serialization/Arrays"><a:double>0</a:double><a:double>0</a:double><a:double>0</a:double></Value></Attribute></Attributes><ChildElements/><ElementName>axis</ElementName><required>false</required><XYZAttribute z:Ref="i47"/></URDFElement><URDFElement z:Id="i48" i:type="Limit"><Attributes><Attribute z:Id="i49"><AttributeType>lower</AttributeType><IsRequired>false</IsRequired><Value i:nil="true"/></Attribute><Attribute z:Id="i50"><AttributeType>upper</AttributeType><IsRequired>false</IsRequired><Value i:nil="true"/></Attribute><Attribute z:Id="i51"><AttributeType>effort</AttributeType><IsRequired>true</IsRequired><Value i:nil="true"/></Attribute><Attribute z:Id="i52"><AttributeType>velocity</AttributeType><IsRequired>true</IsRequired><Value i:nil="true"/></Attribute></Attributes><ChildElements/><ElementName>limit</ElementName><required>false</required><EffortAttribute z:Ref="i51"/><LowerAttribute z:Ref="i49"/><UpperAttribute z:Ref="i50"/><VelocityAttribute z:Ref="i52"/></URDFElement><URDFElement z:Id="i53" i:type="Calibration"><Attributes><Attribute z:Id="i54"><AttributeType>rising</AttributeType><IsRequired>false</IsRequired><Value i:nil="true"/></Attribute><Attribute z:Id="i55"><AttributeType>falling</AttributeType><IsRequired>false</IsRequired><Value i:nil="true"/></Attribute></Attributes><ChildElements/><ElementName>calibration</ElementName><required>false</required><FallingAttribute z:Ref="i55"/><RisingAttribute z:Ref="i54"/></URDFElement><URDFElement z:Id="i56" i:type="Dynamics"><Attributes><Attribute z:Id="i57"><AttributeType>damping</AttributeType><IsRequired>false</IsRequired><Value i:nil="true"/></Attribute><Attribute z:Id="i58"><AttributeType>friction</AttributeType><IsRequired>false</IsRequired><Value i:nil="true"/></Attribute></Attributes><ChildElements/><ElementName>dynamics</ElementName><required>false</required><DampingAttribute z:Ref="i57"/><FrictionAttribute z:Ref="i58"/></URDFElement><URDFElement z:Id="i59" i:type="SafetyController"><Attributes><Attribute z:Id="i60"><AttributeType>soft_upper_limit</AttributeType><IsRequired>false</IsRequired><Value i:nil="true"/></Attribute><Attribute z:Id="i61"><AttributeType>soft_lower_limit</AttributeType><IsRequired>false</IsRequired><Value i:nil="true"/></Attribute><Attribute z:Id="i62"><AttributeType>k_position</AttributeType><IsRequired>false</IsRequired><Value i:nil="true"/></Attribute><Attribute z:Id="i63"><AttributeType>k_velocity</AttributeType><IsRequired>true</IsRequired><Value i:nil="true"/></Attribute></Attributes><ChildElements/><ElementName>safety_controller</ElementName><required>false</required><KPositionAttribute z:Ref="i62"/><KVelocityAttribute z:Ref="i63"/><SoftLowerAttribute z:Ref="i61"/><SoftUpperAttribute z:Ref="i60"/></URDFElement><URDFElement z:Id="i64" i:type="Mimic"><Attributes><Attribute z:Id="i65"><AttributeType>joint</AttributeType><IsRequired>true</IsRequired><Value i:nil="true"/></Attribute><Attribute z:Id="i66"><AttributeType>multiplier</AttributeType><IsRequired>false</IsRequired><Value i:nil="true"/></Attribute><Attribute z:Id="i67"><AttributeType>offset</AttributeType><IsRequired>false</IsRequired><Value i:nil="true"/></Attribute></Attributes><ChildElements/><ElementName>mimic</ElementName><required>false</required><JointNameAttribute z:Ref="i65"/><MultiplierAttribute z:Ref="i66"/><OffsetAttribute z:Ref="i67"/></URDFElement></ChildElements><ElementName>joint</ElementName><required>false</required><Axis z:Ref="i46"/><AxisName/><Calibration z:Ref="i53"/><Child z:Ref="i44"/><CoordinateSystemName>Origin_global</CoordinateSystemName><Dynamics z:Ref="i56"/><Limit z:Ref="i48"/><Mimic z:Ref="i64"/><NameAttribute z:Ref="i37"/><Origin z:Ref="i39"/><Parent z:Ref="i42"/><Safety z:Ref="i59"/><TypeAttribute z:Ref="i38"/></URDFElement></ChildElements><ElementName>link</ElementName><required>true</required><Children/><Collision z:Ref="i29"/><Inertial z:Ref="i3"/><Joint z:Ref="i36"/><NameAttribute z:Ref="i2"/><Parent i:nil="true"/><STLQualityFine>false</STLQualityFine><SWComponentPIDs xmlns:a="http://schemas.microsoft.com/2003/10/Serialization/Arrays"><a:base64Binary>OEoAAAUAAAD//v8AAAAAAA==</a:base64Binary></SWComponentPIDs><SWMainComponentPID i:nil="true"/><Visual z:Ref="i16"/><isFixedFrame>false</isFixedFrame><isIncomplete>false</isIncomplete></Link>
2026-09-25 17:59:42,220 INFO  LinkNode.cs: 35 - Building node base_link
2026-09-25 17:59:42,222 INFO  CommonSwOperations.cs: 221 - Loading SolidWorks components for base_link from C:\Users\vcm\Downloads\Full Model Assembly (1).SLDASM
2026-09-25 17:59:42,222 INFO  CommonSwOperations.cs: 245 - Loading component with PID 8J     ???     
2026-09-25 17:59:42,222 INFO  CommonSwOperations.cs: 254 - Successfully loaded component C:\Users\vcm\Downloads\Full Model Assembly (1).SLDASM
2026-09-25 17:59:42,222 INFO  CommonSwOperations.cs: 230 - Loaded 1 components for link base_link
2026-09-25 17:59:42,224 INFO  SwAddin.cs: 344 - Showing property manager
2026-09-25 17:59:46,779 INFO  ExportPropertyManager.cs: 1036 - OnListboxSelectionChanged called. This method no longer throws an Exception. It just silently does nothing. Ok, except for this logging message
2026-09-25 17:59:49,796 INFO  ExportPropertyManager.cs: 1036 - OnListboxSelectionChanged called. This method no longer throws an Exception. It just silently does nothing. Ok, except for this logging message
2026-09-25 17:59:55,911 INFO  ExportPropertyManager.cs: 422 - Configuration saved
2026-09-25 17:59:55,913 INFO  ConfigurationSerialization.cs: 276 - URDF Configuration found
<Link z:Id="i1" xmlns="http://schemas.datacontract.org/2004/07/SW2URDF" xmlns:i="http://www.w3.org/2001/XMLSchema-instance" xmlns:z="http://schemas.microsoft.com/2003/10/Serialization/"><Attributes><Attribute z:Id="i2"><AttributeType>name</AttributeType><IsRequired>true</IsRequired><Value i:type="a:string" xmlns:a="http://www.w3.org/2001/XMLSchema">base_link</Value></Attribute></Attributes><ChildElements><URDFElement z:Id="i3" i:type="Inertial"><Attributes/><ChildElements><URDFElement z:Id="i4" i:type="Origin"><Attributes><Attribute z:Id="i5"><AttributeType>xyz</AttributeType><IsRequired>true</IsRequired><Value i:type="a:ArrayOfdouble" xmlns:a="http://schemas.microsoft.com/2003/10/Serialization/Arrays"><a:double>-0.022224999999999995</a:double><a:double>0.047338681873306587</a:double><a:double>7.0422199957108511E-07</a:double></Value></Attribute><Attribute z:Id="i6"><AttributeType>rpy</AttributeType><IsRequired>true</IsRequired><Value i:type="a:ArrayOfdouble" xmlns:a="http://schemas.microsoft.com/2003/10/Serialization/Arrays"><a:double>0</a:double><a:double>0</a:double><a:double>0</a:double></Value></Attribute></Attributes><ChildElements/><ElementName>origin</ElementName><required>false</required><RPYAttribute z:Ref="i6"/><XYZAttribute z:Ref="i5"/><isCustomized>false</isCustomized></URDFElement><URDFElement z:Id="i7" i:type="Mass"><Attributes><Attribute z:Id="i8"><AttributeType>value</AttributeType><IsRequired>true</IsRequired><Value i:type="a:double" xmlns:a="http://www.w3.org/2001/XMLSchema">0.12788437377049863</Value></Attribute></Attributes><ChildElements/><ElementName>mass</ElementName><required>false</required><ValueAttribute z:Ref="i8"/></URDFElement><URDFElement z:Id="i9" i:type="Inertia"><Attributes><Attribute z:Id="i10"><AttributeType>ixx</AttributeType><IsRequired>true</IsRequired><Value i:type="a:double" xmlns:a="http://www.w3.org/2001/XMLSchema">0.00027148584925245272</Value></Attribute><Attribute z:Id="i11"><AttributeType>ixy</AttributeType><IsRequired>true</IsRequired><Value i:type="a:double" xmlns:a="http://www.w3.org/2001/XMLSchema">1.4683288976193931E-20</Value></Attribute><Attribute z:Id="i12"><AttributeType>ixz</AttributeType><IsRequired>true</IsRequired><Value i:type="a:double" xmlns:a="http://www.w3.org/2001/XMLSchema">-2.7511802165677195E-13</Value></Attribute><Attribute z:Id="i13"><AttributeType>iyy</AttributeType><IsRequired>true</IsRequired><Value i:type="a:double" xmlns:a="http://www.w3.org/2001/XMLSchema">8.6801431408111191E-05</Value></Attribute><Attribute z:Id="i14"><AttributeType>iyz</AttributeType><IsRequired>true</IsRequired><Value i:type="a:double" xmlns:a="http://www.w3.org/2001/XMLSchema">4.2304703857949662E-09</Value></Attribute><Attribute z:Id="i15"><AttributeType>izz</AttributeType><IsRequired>true</IsRequired><Value i:type="a:double" xmlns:a="http://www.w3.org/2001/XMLSchema">0.00021019783554942215</Value></Attribute></Attributes><ChildElements/><ElementName>inertia</ElementName><required>false</required><IxxAttribute z:Ref="i10"/><IxyAttribute z:Ref="i11"/><IxzAttribute z:Ref="i12"/><IyyAttribute z:Ref="i13"/><IyzAttribute z:Ref="i14"/><IzzAttribute z:Ref="i15"/></URDFElement></ChildElements><ElementName>inertial</ElementName><required>false</required><Inertia z:Ref="i9"/><Mass z:Ref="i7"/><Origin z:Ref="i4"/></URDFElement><URDFElement z:Id="i16" i:type="Visual"><Attributes/><ChildElements><URDFElement z:Id="i17" i:type="Origin"><Attributes><Attribute z:Id="i18"><AttributeType>xyz</AttributeType><IsRequired>true</IsRequired><Value i:type="a:ArrayOfdouble" xmlns:a="http://schemas.microsoft.com/2003/10/Serialization/Arrays"><a:double>0</a:double><a:double>0</a:double><a:double>0</a:double></Value></Attribute><Attribute z:Id="i19"><AttributeType>rpy</AttributeType><IsRequired>true</IsRequired><Value i:type="a:ArrayOfdouble" xmlns:a="http://schemas.microsoft.com/2003/10/Serialization/Arrays"><a:double>0</a:double><a:double>0</a:double><a:double>0</a:double></Value></Attribute></Attributes><ChildElements/><ElementName>origin</ElementName><required>false</required><RPYAttribute z:Ref="i19"/><XYZAttribute z:Ref="i18"/><isCustomized>false</isCustomized></URDFElement><URDFElement z:Id="i20" i:type="Geometry"><Attributes/><ChildElements><URDFElement z:Id="i21" i:type="Mesh"><Attributes><Attribute z:Id="i22"><AttributeType>filename</AttributeType><IsRequired>true</IsRequired><Value i:nil="true"/></Attribute></Attributes><ChildElements/><ElementName>mesh</ElementName><required>false</required><FilenameAttribute z:Ref="i22"/></URDFElement></ChildElements><ElementName>geometry</ElementName><required>true</required><Mesh z:Ref="i21"/></URDFElement><URDFElement z:Id="i23" i:type="Material"><Attributes><Attribute z:Id="i24"><AttributeType>name</AttributeType><IsRequired>true</IsRequired><Value i:type="a:string" xmlns:a="http://www.w3.org/2001/XMLSchema"/></Attribute></Attributes><ChildElements><URDFElement z:Id="i25" i:type="Color"><Attributes><Attribute z:Id="i26"><AttributeType>rgba</AttributeType><IsRequired>true</IsRequired><Value i:type="a:ArrayOfdouble" xmlns:a="http://schemas.microsoft.com/2003/10/Serialization/Arrays"><a:double>0.69803921568627447</a:double><a:double>0.69803921568627447</a:double><a:double>0.69803921568627447</a:double><a:double>1</a:double></Value></Attribute></Attributes><ChildElements/><ElementName>color</ElementName><required>false</required><RGBAAttribute z:Ref="i26"/></URDFElement><URDFElement z:Id="i27" i:type="Texture"><Attributes><Attribute z:Id="i28"><AttributeType>filename</AttributeType><IsRequired>true</IsRequired><Value i:nil="true"/></Attribute></Attributes><ChildElements/><ElementName>texture</ElementName><required>false</required><FilenameAttribute z:Ref="i28"/><wFilename/></URDFElement></ChildElements><ElementName>material</ElementName><required>false</required><Color z:Ref="i25"/><NameAttribute z:Ref="i24"/><Texture z:Ref="i27"/></URDFElement></ChildElements><ElementName>visual</ElementName><required>false</required><Geometry z:Ref="i20"/><Material z:Ref="i23"/><Origin z:Ref="i17"/></URDFElement><URDFElement z:Id="i29" i:type="Collision"><Attributes/><ChildElements><URDFElement z:Id="i30" i:type="Origin"><Attributes><Attribute z:Id="i31"><AttributeType>xyz</AttributeType><IsRequired>true</IsRequired><Value i:type="a:ArrayOfdouble" xmlns:a="http://schemas.microsoft.com/2003/10/Serialization/Arrays"><a:double>0</a:double><a:double>0</a:double><a:double>0</a:double></Value></Attribute><Attribute z:Id="i32"><AttributeType>rpy</AttributeType><IsRequired>true</IsRequired><Value i:type="a:ArrayOfdouble" xmlns:a="http://schemas.microsoft.com/2003/10/Serialization/Arrays"><a:double>0</a:double><a:double>0</a:double><a:double>0</a:double></Value></Attribute></Attributes><ChildElements/><ElementName>origin</ElementName><required>false</required><RPYAttribute z:Ref="i32"/><XYZAttribute z:Ref="i31"/><isCustomized>false</isCustomized></URDFElement><URDFElement z:Id="i33" i:type="Geometry"><Attributes/><ChildElements><URDFElement z:Id="i34" i:type="Mesh"><Attributes><Attribute z:Id="i35"><AttributeType>filename</AttributeType><IsRequired>true</IsRequired><Value i:nil="true"/></Attribute></Attributes><ChildElements/><ElementName>mesh</ElementName><required>false</required><FilenameAttribute z:Ref="i35"/></URDFElement></ChildElements><ElementName>geometry</ElementName><required>true</required><Mesh z:Ref="i34"/></URDFElement></ChildElements><ElementName>collision</ElementName><required>false</required><Geometry z:Ref="i33"/><Origin z:Ref="i30"/></URDFElement><URDFElement z:Id="i36" i:type="Joint"><Attributes><Attribute z:Id="i37"><AttributeType>name</AttributeType><IsRequired>true</IsRequired><Value i:type="a:string" xmlns:a="http://www.w3.org/2001/XMLSchema"/></Attribute><Attribute z:Id="i38"><AttributeType>type</AttributeType><IsRequired>true</IsRequired><Value i:type="a:string" xmlns:a="http://www.w3.org/2001/XMLSchema"/></Attribute></Attributes><ChildElements><URDFElement z:Id="i39" i:type="Origin"><Attributes><Attribute z:Id="i40"><AttributeType>xyz</AttributeType><IsRequired>true</IsRequired><Value i:type="a:ArrayOfdouble" xmlns:a="http://schemas.microsoft.com/2003/10/Serialization/Arrays"><a:double>0</a:double><a:double>0</a:double><a:double>0</a:double></Value></Attribute><Attribute z:Id="i41"><AttributeType>rpy</AttributeType><IsRequired>true</IsRequired><Value i:type="a:ArrayOfdouble" xmlns:a="http://schemas.microsoft.com/2003/10/Serialization/Arrays"><a:double>0</a:double><a:double>0</a:double><a:double>0</a:double></Value></Attribute></Attributes><ChildElements/><ElementName>origin</ElementName><required>false</required><RPYAttribute z:Ref="i41"/><XYZAttribute z:Ref="i40"/><isCustomized>false</isCustomized></URDFElement><URDFElement z:Id="i42" i:type="ParentLink"><Attributes><Attribute z:Id="i43"><AttributeType>link</AttributeType><IsRequired>true</IsRequired><Value i:type="a:string" xmlns:a="http://www.w3.org/2001/XMLSchema"/></Attribute></Attributes><ChildElements/><ElementName>parent</ElementName><required>true</required><NameAttribute z:Ref="i43"/></URDFElement><URDFElement z:Id="i44" i:type="ChildLink"><Attributes><Attribute z:Id="i45"><AttributeType>link</AttributeType><IsRequired>true</IsRequired><Value i:type="a:string" xmlns:a="http://www.w3.org/2001/XMLSchema"/></Attribute></Attributes><ChildElements/><ElementName>child</ElementName><required>true</required><NameAttribute z:Ref="i45"/></URDFElement><URDFElement z:Id="i46" i:type="Axis"><Attributes><Attribute z:Id="i47"><AttributeType>xyz</AttributeType><IsRequired>true</IsRequired><Value i:type="a:ArrayOfdouble" xmlns:a="http://schemas.microsoft.com/2003/10/Serialization/Arrays"><a:double>0</a:double><a:double>0</a:double><a:double>0</a:double></Value></Attribute></Attributes><ChildElements/><ElementName>axis</ElementName><required>false</required><XYZAttribute z:Ref="i47"/></URDFElement><URDFElement z:Id="i48" i:type="Limit"><Attributes><Attribute z:Id="i49"><AttributeType>lower</AttributeType><IsRequired>false</IsRequired><Value i:nil="true"/></Attribute><Attribute z:Id="i50"><AttributeType>upper</AttributeType><IsRequired>false</IsRequired><Value i:nil="true"/></Attribute><Attribute z:Id="i51"><AttributeType>effort</AttributeType><IsRequired>true</IsRequired><Value i:nil="true"/></Attribute><Attribute z:Id="i52"><AttributeType>velocity</AttributeType><IsRequired>true</IsRequired><Value i:nil="true"/></Attribute></Attributes><ChildElements/><ElementName>limit</ElementName><required>false</required><EffortAttribute z:Ref="i51"/><LowerAttribute z:Ref="i49"/><UpperAttribute z:Ref="i50"/><VelocityAttribute z:Ref="i52"/></URDFElement><URDFElement z:Id="i53" i:type="Calibration"><Attributes><Attribute z:Id="i54"><AttributeType>rising</AttributeType><IsRequired>false</IsRequired><Value i:nil="true"/></Attribute><Attribute z:Id="i55"><AttributeType>falling</AttributeType><IsRequired>false</IsRequired><Value i:nil="true"/></Attribute></Attributes><ChildElements/><ElementName>calibration</ElementName><required>false</required><FallingAttribute z:Ref="i55"/><RisingAttribute z:Ref="i54"/></URDFElement><URDFElement z:Id="i56" i:type="Dynamics"><Attributes><Attribute z:Id="i57"><AttributeType>damping</AttributeType><IsRequired>false</IsRequired><Value i:nil="true"/></Attribute><Attribute z:Id="i58"><AttributeType>friction</AttributeType><IsRequired>false</IsRequired><Value i:nil="true"/></Attribute></Attributes><ChildElements/><ElementName>dynamics</ElementName><required>false</required><DampingAttribute z:Ref="i57"/><FrictionAttribute z:Ref="i58"/></URDFElement><URDFElement z:Id="i59" i:type="SafetyController"><Attributes><Attribute z:Id="i60"><AttributeType>soft_upper_limit</AttributeType><IsRequired>false</IsRequired><Value i:nil="true"/></Attribute><Attribute z:Id="i61"><AttributeType>soft_lower_limit</AttributeType><IsRequired>false</IsRequired><Value i:nil="true"/></Attribute><Attribute z:Id="i62"><AttributeType>k_position</AttributeType><IsRequired>false</IsRequired><Value i:nil="true"/></Attribute><Attribute z:Id="i63"><AttributeType>k_velocity</AttributeType><IsRequired>true</IsRequired><Value i:nil="true"/></Attribute></Attributes><ChildElements/><ElementName>safety_controller</ElementName><required>false</required><KPositionAttribute z:Ref="i62"/><KVelocityAttribute z:Ref="i63"/><SoftLowerAttribute z:Ref="i61"/><SoftUpperAttribute z:Ref="i60"/></URDFElement><URDFElement z:Id="i64" i:type="Mimic"><Attributes><Attribute z:Id="i65"><AttributeType>joint</AttributeType><IsRequired>true</IsRequired><Value i:nil="true"/></Attribute><Attribute z:Id="i66"><AttributeType>multiplier</AttributeType><IsRequired>false</IsRequired><Value i:nil="true"/></Attribute><Attribute z:Id="i67"><AttributeType>offset</AttributeType><IsRequired>false</IsRequired><Value i:nil="true"/></Attribute></Attributes><ChildElements/><ElementName>mimic</ElementName><required>false</required><JointNameAttribute z:Ref="i65"/><MultiplierAttribute z:Ref="i66"/><OffsetAttribute z:Ref="i67"/></URDFElement></ChildElements><ElementName>joint</ElementName><required>false</required><Axis z:Ref="i46"/><AxisName/><Calibration z:Ref="i53"/><Child z:Ref="i44"/><CoordinateSystemName>Origin_global</CoordinateSystemName><Dynamics z:Ref="i56"/><Limit z:Ref="i48"/><Mimic z:Ref="i64"/><NameAttribute z:Ref="i37"/><Origin z:Ref="i39"/><Parent z:Ref="i42"/><Safety z:Ref="i59"/><TypeAttribute z:Ref="i38"/></URDFElement></ChildElements><ElementName>link</ElementName><required>true</required><Children/><Collision z:Ref="i29"/><Inertial z:Ref="i3"/><Joint z:Ref="i36"/><NameAttribute z:Ref="i2"/><Parent i:nil="true"/><STLQualityFine>false</STLQualityFine><SWComponentPIDs xmlns:a="http://schemas.microsoft.com/2003/10/Serialization/Arrays"><a:base64Binary>OEoAAAUAAAD//v8AAAAAAA==</a:base64Binary></SWComponentPIDs><SWMainComponentPID i:nil="true"/><Visual z:Ref="i16"/><isFixedFrame>false</isFixedFrame><isIncomplete>false</isIncomplete></Link>
2026-09-25 18:00:51,581 INFO  ExportHelperExtension.cs: 1125 - Retrieving features of type [CoordSys] from Full Model Assembly (1)
2026-09-25 18:00:51,586 INFO  ExportHelperExtension.cs: 1136 - Found 225 in Full Model Assembly (1)
2026-09-25 18:00:51,586 INFO  ExportHelperExtension.cs: 1145 - Found 1 features of type [CoordSys] in Full Model Assembly (1)
2026-09-25 18:00:51,586 INFO  ExportHelperExtension.cs: 1148 - Proceeding through assembly components
2026-09-25 18:00:51,586 INFO  ExportHelperExtension.cs: 1160 - 44 components to check
2026-09-25 18:00:51,588 INFO  ExportHelperExtension.cs: 1125 - Retrieving features of type [CoordSys] from Mockup2-2
2026-09-25 18:00:51,588 INFO  ExportHelperExtension.cs: 1136 - Found 37 in Mockup2-2
2026-09-25 18:00:51,588 INFO  ExportHelperExtension.cs: 1145 - Found 0 features of type [CoordSys] in Mockup2-2
2026-09-25 18:00:51,588 INFO  ExportHelperExtension.cs: 1125 - Retrieving features of type [CoordSys] from SideFrame1_nmw37_10_19_24-1
2026-09-25 18:00:51,588 INFO  ExportHelperExtension.cs: 1136 - Found 32 in SideFrame1_nmw37_10_19_24-1
2026-09-25 18:00:51,590 INFO  ExportHelperExtension.cs: 1145 - Found 0 features of type [CoordSys] in SideFrame1_nmw37_10_19_24-1
2026-09-25 18:00:51,590 INFO  ExportHelperExtension.cs: 1125 - Retrieving features of type [CoordSys] from Mockup2-1
2026-09-25 18:00:51,590 INFO  ExportHelperExtension.cs: 1136 - Found 37 in Mockup2-1
2026-09-25 18:00:51,590 INFO  ExportHelperExtension.cs: 1145 - Found 0 features of type [CoordSys] in Mockup2-1
2026-09-25 18:00:51,590 INFO  ExportHelperExtension.cs: 1125 - Retrieving features of type [CoordSys] from FINAL backplate Frame Mounts-1
2026-09-25 18:00:51,592 INFO  ExportHelperExtension.cs: 1136 - Found 58 in FINAL backplate Frame Mounts-1
2026-09-25 18:00:51,592 INFO  ExportHelperExtension.cs: 1145 - Found 0 features of type [CoordSys] in FINAL backplate Frame Mounts-1
2026-09-25 18:00:51,592 INFO  ExportHelperExtension.cs: 1125 - Retrieving features of type [CoordSys] from CapsuleCap cg376 1010-3
2026-09-25 18:00:51,592 INFO  ExportHelperExtension.cs: 1136 - Found 34 in CapsuleCap cg376 1010-3
2026-09-25 18:00:51,592 INFO  ExportHelperExtension.cs: 1145 - Found 0 features of type [CoordSys] in CapsuleCap cg376 1010-3
2026-09-25 18:00:51,592 INFO  ExportHelperExtension.cs: 1125 - Retrieving features of type [CoordSys] from CapsuleCap cg376 1010-2
2026-09-25 18:00:51,594 INFO  ExportHelperExtension.cs: 1136 - Found 34 in CapsuleCap cg376 1010-2
2026-09-25 18:00:51,594 INFO  ExportHelperExtension.cs: 1145 - Found 0 features of type [CoordSys] in CapsuleCap cg376 1010-2
2026-09-25 18:00:51,594 INFO  ExportHelperExtension.cs: 1125 - Retrieving features of type [CoordSys] from through hole_L bracket_rzc_10_5_24-5
2026-09-25 18:00:51,594 INFO  ExportHelperExtension.cs: 1136 - Found 36 in through hole_L bracket_rzc_10_5_24-5
2026-09-25 18:00:51,594 INFO  ExportHelperExtension.cs: 1145 - Found 0 features of type [CoordSys] in through hole_L bracket_rzc_10_5_24-5
2026-09-25 18:00:51,594 INFO  ExportHelperExtension.cs: 1125 - Retrieving features of type [CoordSys] from Metal_Bar-3
2026-09-25 18:00:51,596 INFO  ExportHelperExtension.cs: 1136 - Found 29 in Metal_Bar-3
2026-09-25 18:00:51,596 INFO  ExportHelperExtension.cs: 1145 - Found 0 features of type [CoordSys] in Metal_Bar-3
2026-09-25 18:00:51,596 INFO  ExportHelperExtension.cs: 1125 - Retrieving features of type [CoordSys] from Metal_Bar-1
2026-09-25 18:00:51,596 INFO  ExportHelperExtension.cs: 1136 - Found 29 in Metal_Bar-1
2026-09-25 18:00:51,596 INFO  ExportHelperExtension.cs: 1145 - Found 0 features of type [CoordSys] in Metal_Bar-1
2026-09-25 18:00:51,596 INFO  ExportHelperExtension.cs: 1125 - Retrieving features of type [CoordSys] from SideFrame1_nmw37_10_19_24-2
2026-09-25 18:00:51,598 INFO  ExportHelperExtension.cs: 1136 - Found 32 in SideFrame1_nmw37_10_19_24-2
2026-09-25 18:00:51,598 INFO  ExportHelperExtension.cs: 1145 - Found 0 features of type [CoordSys] in SideFrame1_nmw37_10_19_24-2
2026-09-25 18:00:51,598 INFO  ExportHelperExtension.cs: 1125 - Retrieving features of type [CoordSys] from through hole_L bracket_rzc_10_5_24-2
2026-09-25 18:00:51,598 INFO  ExportHelperExtension.cs: 1136 - Found 36 in through hole_L bracket_rzc_10_5_24-2
2026-09-25 18:00:51,598 INFO  ExportHelperExtension.cs: 1145 - Found 0 features of type [CoordSys] in through hole_L bracket_rzc_10_5_24-2
2026-09-25 18:00:51,598 INFO  ExportHelperExtension.cs: 1125 - Retrieving features of type [CoordSys] from Metal_Bar-2
2026-09-25 18:00:51,598 INFO  ExportHelperExtension.cs: 1136 - Found 29 in Metal_Bar-2
2026-09-25 18:00:51,600 INFO  ExportHelperExtension.cs: 1145 - Found 0 features of type [CoordSys] in Metal_Bar-2
2026-09-25 18:00:51,600 INFO  ExportHelperExtension.cs: 1125 - Retrieving features of type [CoordSys] from FINAL backplate Frame Mounts-2
2026-09-25 18:00:51,600 INFO  ExportHelperExtension.cs: 1136 - Found 58 in FINAL backplate Frame Mounts-2
2026-09-25 18:00:51,600 INFO  ExportHelperExtension.cs: 1145 - Found 0 features of type [CoordSys] in FINAL backplate Frame Mounts-2
2026-09-25 18:00:51,600 INFO  ExportHelperExtension.cs: 1125 - Retrieving features of type [CoordSys] from Back Plate cg376 1010-2
2026-09-25 18:00:51,600 INFO  ExportHelperExtension.cs: 1136 - Found 46 in Back Plate cg376 1010-2
2026-09-25 18:00:51,602 INFO  ExportHelperExtension.cs: 1145 - Found 0 features of type [CoordSys] in Back Plate cg376 1010-2
2026-09-25 18:00:51,602 INFO  ExportHelperExtension.cs: 1125 - Retrieving features of type [CoordSys] from through hole_L bracket_rzc_10_5_24-1
2026-09-25 18:00:51,602 INFO  ExportHelperExtension.cs: 1136 - Found 36 in through hole_L bracket_rzc_10_5_24-1
2026-09-25 18:00:51,602 INFO  ExportHelperExtension.cs: 1145 - Found 0 features of type [CoordSys] in through hole_L bracket_rzc_10_5_24-1
2026-09-25 18:00:51,602 INFO  ExportHelperExtension.cs: 1125 - Retrieving features of type [CoordSys] from through hole_L bracket_rzc_10_5_24-3
2026-09-25 18:00:51,604 INFO  ExportHelperExtension.cs: 1136 - Found 36 in through hole_L bracket_rzc_10_5_24-3
2026-09-25 18:00:51,604 INFO  ExportHelperExtension.cs: 1145 - Found 0 features of type [CoordSys] in through hole_L bracket_rzc_10_5_24-3
2026-09-25 18:00:51,604 INFO  ExportHelperExtension.cs: 1125 - Retrieving features of type [CoordSys] from through hole_L bracket_rzc_10_5_24-4
2026-09-25 18:00:51,604 INFO  ExportHelperExtension.cs: 1136 - Found 36 in through hole_L bracket_rzc_10_5_24-4
2026-09-25 18:00:51,604 INFO  ExportHelperExtension.cs: 1145 - Found 0 features of type [CoordSys] in through hole_L bracket_rzc_10_5_24-4
2026-09-25 18:00:51,604 INFO  ExportHelperExtension.cs: 1125 - Retrieving features of type [CoordSys] from through hole_L bracket_rzc_10_5_24-6
2026-09-25 18:00:51,606 INFO  ExportHelperExtension.cs: 1136 - Found 36 in through hole_L bracket_rzc_10_5_24-6
2026-09-25 18:00:51,606 INFO  ExportHelperExtension.cs: 1145 - Found 0 features of type [CoordSys] in through hole_L bracket_rzc_10_5_24-6
2026-09-25 18:00:51,606 INFO  ExportHelperExtension.cs: 1125 - Retrieving features of type [CoordSys] from Metal_Bar-4
2026-09-25 18:00:51,606 INFO  ExportHelperExtension.cs: 1136 - Found 29 in Metal_Bar-4
2026-09-25 18:00:51,606 INFO  ExportHelperExtension.cs: 1145 - Found 0 features of type [CoordSys] in Metal_Bar-4
2026-09-25 18:00:51,606 INFO  ExportHelperExtension.cs: 1125 - Retrieving features of type [CoordSys] from SideThrusterMounting-4
2026-09-25 18:00:51,608 INFO  ExportHelperExtension.cs: 1136 - Found 92 in SideThrusterMounting-4
2026-09-25 18:00:51,608 INFO  ExportHelperExtension.cs: 1145 - Found 0 features of type [CoordSys] in SideThrusterMounting-4
2026-09-25 18:00:51,608 INFO  ExportHelperExtension.cs: 1125 - Retrieving features of type [CoordSys] from through hole_L bracket_rzc_10_5_24-7
2026-09-25 18:00:51,608 INFO  ExportHelperExtension.cs: 1136 - Found 36 in through hole_L bracket_rzc_10_5_24-7
2026-09-25 18:00:51,610 INFO  ExportHelperExtension.cs: 1145 - Found 0 features of type [CoordSys] in through hole_L bracket_rzc_10_5_24-7
2026-09-25 18:00:51,610 INFO  ExportHelperExtension.cs: 1125 - Retrieving features of type [CoordSys] from through hole_L bracket_rzc_10_5_24-8
2026-09-25 18:00:51,610 INFO  ExportHelperExtension.cs: 1136 - Found 36 in through hole_L bracket_rzc_10_5_24-8
2026-09-25 18:00:51,610 INFO  ExportHelperExtension.cs: 1145 - Found 0 features of type [CoordSys] in through hole_L bracket_rzc_10_5_24-8
2026-09-25 18:00:51,610 INFO  ExportHelperExtension.cs: 1125 - Retrieving features of type [CoordSys] from Wayfinder_DVL-2
2026-09-25 18:00:51,612 INFO  ExportHelperExtension.cs: 1136 - Found 33 in Wayfinder_DVL-2
2026-09-25 18:00:51,612 INFO  ExportHelperExtension.cs: 1145 - Found 0 features of type [CoordSys] in Wayfinder_DVL-2
2026-09-25 18:00:51,612 INFO  ExportHelperExtension.cs: 1125 - Retrieving features of type [CoordSys] from Ping360ASM-1
2026-09-25 18:00:51,612 INFO  ExportHelperExtension.cs: 1136 - Found 27 in Ping360ASM-1
2026-09-25 18:00:51,612 INFO  ExportHelperExtension.cs: 1145 - Found 0 features of type [CoordSys] in Ping360ASM-1
2026-09-25 18:00:51,612 INFO  ExportHelperExtension.cs: 1125 - Retrieving features of type [CoordSys] from through hole_L bracket_rzc_10_5_24-9
2026-09-25 18:00:51,614 INFO  ExportHelperExtension.cs: 1136 - Found 36 in through hole_L bracket_rzc_10_5_24-9
2026-09-25 18:00:51,614 INFO  ExportHelperExtension.cs: 1145 - Found 0 features of type [CoordSys] in through hole_L bracket_rzc_10_5_24-9
2026-09-25 18:00:51,614 INFO  ExportHelperExtension.cs: 1125 - Retrieving features of type [CoordSys] from through hole_L bracket_rzc_10_5_24-10
2026-09-25 18:00:51,614 INFO  ExportHelperExtension.cs: 1136 - Found 36 in through hole_L bracket_rzc_10_5_24-10
2026-09-25 18:00:51,614 INFO  ExportHelperExtension.cs: 1145 - Found 0 features of type [CoordSys] in through hole_L bracket_rzc_10_5_24-10
2026-09-25 18:00:51,614 INFO  ExportHelperExtension.cs: 1125 - Retrieving features of type [CoordSys] from DVL_Mount_ajp119-2
2026-09-25 18:00:51,616 INFO  ExportHelperExtension.cs: 1136 - Found 29 in DVL_Mount_ajp119-2
2026-09-25 18:00:51,616 INFO  ExportHelperExtension.cs: 1145 - Found 0 features of type [CoordSys] in DVL_Mount_ajp119-2
2026-09-25 18:00:51,616 INFO  ExportHelperExtension.cs: 1125 - Retrieving features of type [CoordSys] from Camera Mount Bottom v2-1
2026-09-25 18:00:51,616 INFO  ExportHelperExtension.cs: 1136 - Found 67 in Camera Mount Bottom v2-1
2026-09-25 18:00:51,618 INFO  ExportHelperExtension.cs: 1145 - Found 0 features of type [CoordSys] in Camera Mount Bottom v2-1
2026-09-25 18:00:51,618 INFO  ExportHelperExtension.cs: 1125 - Retrieving features of type [CoordSys] from Metal_Bar-5
2026-09-25 18:00:51,618 INFO  ExportHelperExtension.cs: 1136 - Found 29 in Metal_Bar-5
2026-09-25 18:00:51,618 INFO  ExportHelperExtension.cs: 1145 - Found 0 features of type [CoordSys] in Metal_Bar-5
2026-09-25 18:00:51,620 INFO  ExportHelperExtension.cs: 1125 - Retrieving features of type [CoordSys] from backside_L_bracket_rzc_11.9.24-2
2026-09-25 18:00:51,620 INFO  ExportHelperExtension.cs: 1136 - Found 101 in backside_L_bracket_rzc_11.9.24-2
2026-09-25 18:00:51,620 INFO  ExportHelperExtension.cs: 1145 - Found 0 features of type [CoordSys] in backside_L_bracket_rzc_11.9.24-2
2026-09-25 18:00:51,622 INFO  ExportHelperExtension.cs: 1125 - Retrieving features of type [CoordSys] from NEW Camera Mount Top-1
2026-09-25 18:00:51,622 INFO  ExportHelperExtension.cs: 1136 - Found 36 in NEW Camera Mount Top-1
2026-09-25 18:00:51,622 INFO  ExportHelperExtension.cs: 1145 - Found 0 features of type [CoordSys] in NEW Camera Mount Top-1
2026-09-25 18:00:51,622 INFO  ExportHelperExtension.cs: 1125 - Retrieving features of type [CoordSys] from Part1^Full Model Assembly (1)-1
2026-09-25 18:00:51,624 INFO  ExportHelperExtension.cs: 1136 - Found 23 in Part1^Full Model Assembly (1)-1
2026-09-25 18:00:51,624 INFO  ExportHelperExtension.cs: 1145 - Found 0 features of type [CoordSys] in Part1^Full Model Assembly (1)-1
2026-09-25 18:00:51,624 INFO  ExportHelperExtension.cs: 1125 - Retrieving features of type [CoordSys] from Camera Mount Right Angle-1
2026-09-25 18:00:51,626 INFO  ExportHelperExtension.cs: 1136 - Found 71 in Camera Mount Right Angle-1
2026-09-25 18:00:51,626 INFO  ExportHelperExtension.cs: 1145 - Found 0 features of type [CoordSys] in Camera Mount Right Angle-1
2026-09-25 18:00:51,626 INFO  ExportHelperExtension.cs: 1125 - Retrieving features of type [CoordSys] from backside_L_bracket_rzc_11.9.24-1
2026-09-25 18:00:51,651 INFO  ExportHelperExtension.cs: 1136 - Found 101 in backside_L_bracket_rzc_11.9.24-1
2026-09-25 18:00:51,651 INFO  ExportHelperExtension.cs: 1145 - Found 0 features of type [CoordSys] in backside_L_bracket_rzc_11.9.24-1
2026-09-25 18:00:51,651 INFO  ExportHelperExtension.cs: 1125 - Retrieving features of type [CoordSys] from thruster middle mounting assembly mockup-1
2026-09-25 18:00:51,653 INFO  ExportHelperExtension.cs: 1136 - Found 86 in thruster middle mounting assembly mockup-1
2026-09-25 18:00:51,653 INFO  ExportHelperExtension.cs: 1145 - Found 0 features of type [CoordSys] in thruster middle mounting assembly mockup-1
2026-09-25 18:00:51,653 INFO  ExportHelperExtension.cs: 1125 - Retrieving features of type [CoordSys] from NEW Camera Mount Top-2
2026-09-25 18:00:51,653 INFO  ExportHelperExtension.cs: 1136 - Found 36 in NEW Camera Mount Top-2
2026-09-25 18:00:51,653 INFO  ExportHelperExtension.cs: 1145 - Found 0 features of type [CoordSys] in NEW Camera Mount Top-2
2026-09-25 18:00:51,656 INFO  ExportHelperExtension.cs: 1125 - Retrieving features of type [CoordSys] from camera-eHD_3.0_with_WL_STEP_Public-1
2026-09-25 18:00:51,656 INFO  ExportHelperExtension.cs: 1136 - Found 23 in camera-eHD_3.0_with_WL_STEP_Public-1
2026-09-25 18:00:51,656 INFO  ExportHelperExtension.cs: 1145 - Found 0 features of type [CoordSys] in camera-eHD_3.0_with_WL_STEP_Public-1
2026-09-25 18:00:51,656 INFO  ExportHelperExtension.cs: 1125 - Retrieving features of type [CoordSys] from Part2^Full Model Assembly (1)-1
2026-09-25 18:00:51,656 INFO  ExportHelperExtension.cs: 1136 - Found 23 in Part2^Full Model Assembly (1)-1
2026-09-25 18:00:51,658 INFO  ExportHelperExtension.cs: 1145 - Found 0 features of type [CoordSys] in Part2^Full Model Assembly (1)-1
2026-09-25 18:00:51,658 INFO  ExportHelperExtension.cs: 1125 - Retrieving features of type [CoordSys] from camera-eHD_3.0_with_WL_STEP_Public-2
2026-09-25 18:00:51,658 INFO  ExportHelperExtension.cs: 1136 - Found 23 in camera-eHD_3.0_with_WL_STEP_Public-2
2026-09-25 18:00:51,658 INFO  ExportHelperExtension.cs: 1145 - Found 0 features of type [CoordSys] in camera-eHD_3.0_with_WL_STEP_Public-2
2026-09-25 18:00:51,658 INFO  ExportHelperExtension.cs: 1125 - Retrieving features of type [CoordSys] from Power Capsule Assembly-1
2026-09-25 18:00:51,658 INFO  ExportHelperExtension.cs: 1136 - Found 44 in Power Capsule Assembly-1
2026-09-25 18:00:51,660 INFO  ExportHelperExtension.cs: 1145 - Found 0 features of type [CoordSys] in Power Capsule Assembly-1
2026-09-25 18:00:51,660 INFO  ExportHelperExtension.cs: 1125 - Retrieving features of type [CoordSys] from Signal Capsule Assembly-1
2026-09-25 18:00:51,660 INFO  ExportHelperExtension.cs: 1136 - Found 61 in Signal Capsule Assembly-1
2026-09-25 18:00:51,660 INFO  ExportHelperExtension.cs: 1145 - Found 0 features of type [CoordSys] in Signal Capsule Assembly-1
2026-09-25 18:00:51,660 INFO  ExportHelperExtension.cs: 1125 - Retrieving features of type [CoordSys] from Modem Mount-1
2026-09-25 18:00:51,660 INFO  ExportHelperExtension.cs: 1136 - Found 35 in Modem Mount-1
2026-09-25 18:00:51,662 INFO  ExportHelperExtension.cs: 1145 - Found 0 features of type [CoordSys] in Modem Mount-1
2026-09-25 18:00:51,662 INFO  ExportHelperExtension.cs: 1125 - Retrieving features of type [CoordSys] from Pressure_Sensor_9_21_24-1
2026-09-25 18:00:51,662 INFO  ExportHelperExtension.cs: 1136 - Found 36 in Pressure_Sensor_9_21_24-1
2026-09-25 18:00:51,662 INFO  ExportHelperExtension.cs: 1145 - Found 0 features of type [CoordSys] in Pressure_Sensor_9_21_24-1
2026-09-25 18:00:51,662 INFO  ExportHelperExtension.cs: 1125 - Retrieving features of type [CoordSys] from thruster middle mounting assembly mockup - MIRROR-1
2026-09-25 18:00:51,664 INFO  ExportHelperExtension.cs: 1136 - Found 87 in thruster middle mounting assembly mockup - MIRROR-1
2026-09-25 18:00:51,664 INFO  ExportHelperExtension.cs: 1145 - Found 0 features of type [CoordSys] in thruster middle mounting assembly mockup - MIRROR-1
2026-09-25 18:00:51,664 INFO  ExportHelperExtension.cs: 1125 - Retrieving features of type [RefAxis] from Full Model Assembly (1)
2026-09-25 18:00:51,664 INFO  ExportHelperExtension.cs: 1136 - Found 225 in Full Model Assembly (1)
2026-09-25 18:00:51,666 INFO  ExportHelperExtension.cs: 1145 - Found 0 features of type [RefAxis] in Full Model Assembly (1)
2026-09-25 18:00:51,666 INFO  ExportHelperExtension.cs: 1148 - Proceeding through assembly components
2026-09-25 18:00:51,666 INFO  ExportHelperExtension.cs: 1160 - 44 components to check
2026-09-25 18:00:51,666 INFO  ExportHelperExtension.cs: 1125 - Retrieving features of type [RefAxis] from Mockup2-2
2026-09-25 18:00:51,666 INFO  ExportHelperExtension.cs: 1136 - Found 37 in Mockup2-2
2026-09-25 18:00:51,666 INFO  ExportHelperExtension.cs: 1145 - Found 0 features of type [RefAxis] in Mockup2-2
2026-09-25 18:00:51,667 INFO  ExportHelperExtension.cs: 1125 - Retrieving features of type [RefAxis] from SideFrame1_nmw37_10_19_24-1
2026-09-25 18:00:51,667 INFO  ExportHelperExtension.cs: 1136 - Found 32 in SideFrame1_nmw37_10_19_24-1
2026-09-25 18:00:51,667 INFO  ExportHelperExtension.cs: 1145 - Found 0 features of type [RefAxis] in SideFrame1_nmw37_10_19_24-1
2026-09-25 18:00:51,667 INFO  ExportHelperExtension.cs: 1125 - Retrieving features of type [RefAxis] from Mockup2-1
2026-09-25 18:00:51,667 INFO  ExportHelperExtension.cs: 1136 - Found 37 in Mockup2-1
2026-09-25 18:00:51,667 INFO  ExportHelperExtension.cs: 1145 - Found 0 features of type [RefAxis] in Mockup2-1
2026-09-25 18:00:51,667 INFO  ExportHelperExtension.cs: 1125 - Retrieving features of type [RefAxis] from FINAL backplate Frame Mounts-1
2026-09-25 18:00:51,667 INFO  ExportHelperExtension.cs: 1136 - Found 58 in FINAL backplate Frame Mounts-1
2026-09-25 18:00:51,667 INFO  ExportHelperExtension.cs: 1145 - Found 0 features of type [RefAxis] in FINAL backplate Frame Mounts-1
2026-09-25 18:00:51,667 INFO  ExportHelperExtension.cs: 1125 - Retrieving features of type [RefAxis] from CapsuleCap cg376 1010-3
2026-09-25 18:00:51,667 INFO  ExportHelperExtension.cs: 1136 - Found 34 in CapsuleCap cg376 1010-3
2026-09-25 18:00:51,667 INFO  ExportHelperExtension.cs: 1145 - Found 1 features of type [RefAxis] in CapsuleCap cg376 1010-3
2026-09-25 18:00:51,667 INFO  ExportHelperExtension.cs: 1125 - Retrieving features of type [RefAxis] from CapsuleCap cg376 1010-2
2026-09-25 18:00:51,667 INFO  ExportHelperExtension.cs: 1136 - Found 34 in CapsuleCap cg376 1010-2
2026-09-25 18:00:51,667 INFO  ExportHelperExtension.cs: 1145 - Found 1 features of type [RefAxis] in CapsuleCap cg376 1010-2
2026-09-25 18:00:51,667 INFO  ExportHelperExtension.cs: 1125 - Retrieving features of type [RefAxis] from through hole_L bracket_rzc_10_5_24-5
2026-09-25 18:00:51,667 INFO  ExportHelperExtension.cs: 1136 - Found 36 in through hole_L bracket_rzc_10_5_24-5
2026-09-25 18:00:51,667 INFO  ExportHelperExtension.cs: 1145 - Found 0 features of type [RefAxis] in through hole_L bracket_rzc_10_5_24-5
2026-09-25 18:00:51,667 INFO  ExportHelperExtension.cs: 1125 - Retrieving features of type [RefAxis] from Metal_Bar-3
2026-09-25 18:00:51,667 INFO  ExportHelperExtension.cs: 1136 - Found 29 in Metal_Bar-3
2026-09-25 18:00:51,667 INFO  ExportHelperExtension.cs: 1145 - Found 0 features of type [RefAxis] in Metal_Bar-3
2026-09-25 18:00:51,667 INFO  ExportHelperExtension.cs: 1125 - Retrieving features of type [RefAxis] from Metal_Bar-1
2026-09-25 18:00:51,667 INFO  ExportHelperExtension.cs: 1136 - Found 29 in Metal_Bar-1
2026-09-25 18:00:51,667 INFO  ExportHelperExtension.cs: 1145 - Found 0 features of type [RefAxis] in Metal_Bar-1
2026-09-25 18:00:51,667 INFO  ExportHelperExtension.cs: 1125 - Retrieving features of type [RefAxis] from SideFrame1_nmw37_10_19_24-2
2026-09-25 18:00:51,667 INFO  ExportHelperExtension.cs: 1136 - Found 32 in SideFrame1_nmw37_10_19_24-2
2026-09-25 18:00:51,667 INFO  ExportHelperExtension.cs: 1145 - Found 0 features of type [RefAxis] in SideFrame1_nmw37_10_19_24-2
2026-09-25 18:00:51,667 INFO  ExportHelperExtension.cs: 1125 - Retrieving features of type [RefAxis] from through hole_L bracket_rzc_10_5_24-2
2026-09-25 18:00:51,667 INFO  ExportHelperExtension.cs: 1136 - Found 36 in through hole_L bracket_rzc_10_5_24-2
2026-09-25 18:00:51,667 INFO  ExportHelperExtension.cs: 1145 - Found 0 features of type [RefAxis] in through hole_L bracket_rzc_10_5_24-2
2026-09-25 18:00:51,667 INFO  ExportHelperExtension.cs: 1125 - Retrieving features of type [RefAxis] from Metal_Bar-2
2026-09-25 18:00:51,667 INFO  ExportHelperExtension.cs: 1136 - Found 29 in Metal_Bar-2
2026-09-25 18:00:51,680 INFO  ExportHelperExtension.cs: 1145 - Found 0 features of type [RefAxis] in Metal_Bar-2
2026-09-25 18:00:51,680 INFO  ExportHelperExtension.cs: 1125 - Retrieving features of type [RefAxis] from FINAL backplate Frame Mounts-2
2026-09-25 18:00:51,680 INFO  ExportHelperExtension.cs: 1136 - Found 58 in FINAL backplate Frame Mounts-2
2026-09-25 18:00:51,680 INFO  ExportHelperExtension.cs: 1145 - Found 0 features of type [RefAxis] in FINAL backplate Frame Mounts-2
2026-09-25 18:00:51,680 INFO  ExportHelperExtension.cs: 1125 - Retrieving features of type [RefAxis] from Back Plate cg376 1010-2
2026-09-25 18:00:51,680 INFO  ExportHelperExtension.cs: 1136 - Found 46 in Back Plate cg376 1010-2
2026-09-25 18:00:51,680 INFO  ExportHelperExtension.cs: 1145 - Found 0 features of type [RefAxis] in Back Plate cg376 1010-2
2026-09-25 18:00:51,680 INFO  ExportHelperExtension.cs: 1125 - Retrieving features of type [RefAxis] from through hole_L bracket_rzc_10_5_24-1
2026-09-25 18:00:51,680 INFO  ExportHelperExtension.cs: 1136 - Found 36 in through hole_L bracket_rzc_10_5_24-1
2026-09-25 18:00:51,680 INFO  ExportHelperExtension.cs: 1145 - Found 0 features of type [RefAxis] in through hole_L bracket_rzc_10_5_24-1
2026-09-25 18:00:51,683 INFO  ExportHelperExtension.cs: 1125 - Retrieving features of type [RefAxis] from through hole_L bracket_rzc_10_5_24-3
2026-09-25 18:00:51,683 INFO  ExportHelperExtension.cs: 1136 - Found 36 in through hole_L bracket_rzc_10_5_24-3
2026-09-25 18:00:51,683 INFO  ExportHelperExtension.cs: 1145 - Found 0 features of type [RefAxis] in through hole_L bracket_rzc_10_5_24-3
2026-09-25 18:00:51,683 INFO  ExportHelperExtension.cs: 1125 - Retrieving features of type [RefAxis] from through hole_L bracket_rzc_10_5_24-4
2026-09-25 18:00:51,683 INFO  ExportHelperExtension.cs: 1136 - Found 36 in through hole_L bracket_rzc_10_5_24-4
2026-09-25 18:00:51,683 INFO  ExportHelperExtension.cs: 1145 - Found 0 features of type [RefAxis] in through hole_L bracket_rzc_10_5_24-4
2026-09-25 18:00:51,683 INFO  ExportHelperExtension.cs: 1125 - Retrieving features of type [RefAxis] from through hole_L bracket_rzc_10_5_24-6
2026-09-25 18:00:51,683 INFO  ExportHelperExtension.cs: 1136 - Found 36 in through hole_L bracket_rzc_10_5_24-6
2026-09-25 18:00:51,683 INFO  ExportHelperExtension.cs: 1145 - Found 0 features of type [RefAxis] in through hole_L bracket_rzc_10_5_24-6
2026-09-25 18:00:51,683 INFO  ExportHelperExtension.cs: 1125 - Retrieving features of type [RefAxis] from Metal_Bar-4
2026-09-25 18:00:51,683 INFO  ExportHelperExtension.cs: 1136 - Found 29 in Metal_Bar-4
2026-09-25 18:00:51,683 INFO  ExportHelperExtension.cs: 1145 - Found 0 features of type [RefAxis] in Metal_Bar-4
2026-09-25 18:00:51,683 INFO  ExportHelperExtension.cs: 1125 - Retrieving features of type [RefAxis] from SideThrusterMounting-4
2026-09-25 18:00:51,683 INFO  ExportHelperExtension.cs: 1136 - Found 92 in SideThrusterMounting-4
2026-09-25 18:00:51,683 INFO  ExportHelperExtension.cs: 1145 - Found 0 features of type [RefAxis] in SideThrusterMounting-4
2026-09-25 18:00:51,683 INFO  ExportHelperExtension.cs: 1125 - Retrieving features of type [RefAxis] from through hole_L bracket_rzc_10_5_24-7
2026-09-25 18:00:51,683 INFO  ExportHelperExtension.cs: 1136 - Found 36 in through hole_L bracket_rzc_10_5_24-7
2026-09-25 18:00:51,683 INFO  ExportHelperExtension.cs: 1145 - Found 0 features of type [RefAxis] in through hole_L bracket_rzc_10_5_24-7
2026-09-25 18:00:51,683 INFO  ExportHelperExtension.cs: 1125 - Retrieving features of type [RefAxis] from through hole_L bracket_rzc_10_5_24-8
2026-09-25 18:00:51,683 INFO  ExportHelperExtension.cs: 1136 - Found 36 in through hole_L bracket_rzc_10_5_24-8
2026-09-25 18:00:51,683 INFO  ExportHelperExtension.cs: 1145 - Found 0 features of type [RefAxis] in through hole_L bracket_rzc_10_5_24-8
2026-09-25 18:00:51,683 INFO  ExportHelperExtension.cs: 1125 - Retrieving features of type [RefAxis] from Wayfinder_DVL-2
2026-09-25 18:00:51,683 INFO  ExportHelperExtension.cs: 1136 - Found 33 in Wayfinder_DVL-2
2026-09-25 18:00:51,683 INFO  ExportHelperExtension.cs: 1145 - Found 0 features of type [RefAxis] in Wayfinder_DVL-2
2026-09-25 18:00:51,683 INFO  ExportHelperExtension.cs: 1125 - Retrieving features of type [RefAxis] from Ping360ASM-1
2026-09-25 18:00:51,683 INFO  ExportHelperExtension.cs: 1136 - Found 27 in Ping360ASM-1
2026-09-25 18:00:51,683 INFO  ExportHelperExtension.cs: 1145 - Found 0 features of type [RefAxis] in Ping360ASM-1
2026-09-25 18:00:51,683 INFO  ExportHelperExtension.cs: 1125 - Retrieving features of type [RefAxis] from through hole_L bracket_rzc_10_5_24-9
2026-09-25 18:00:51,683 INFO  ExportHelperExtension.cs: 1136 - Found 36 in through hole_L bracket_rzc_10_5_24-9
2026-09-25 18:00:51,683 INFO  ExportHelperExtension.cs: 1145 - Found 0 features of type [RefAxis] in through hole_L bracket_rzc_10_5_24-9
2026-09-25 18:00:51,683 INFO  ExportHelperExtension.cs: 1125 - Retrieving features of type [RefAxis] from through hole_L bracket_rzc_10_5_24-10
2026-09-25 18:00:51,699 INFO  ExportHelperExtension.cs: 1136 - Found 36 in through hole_L bracket_rzc_10_5_24-10
2026-09-25 18:00:51,699 INFO  ExportHelperExtension.cs: 1145 - Found 0 features of type [RefAxis] in through hole_L bracket_rzc_10_5_24-10
2026-09-25 18:00:51,699 INFO  ExportHelperExtension.cs: 1125 - Retrieving features of type [RefAxis] from DVL_Mount_ajp119-2
2026-09-25 18:00:51,699 INFO  ExportHelperExtension.cs: 1136 - Found 29 in DVL_Mount_ajp119-2
2026-09-25 18:00:51,699 INFO  ExportHelperExtension.cs: 1145 - Found 0 features of type [RefAxis] in DVL_Mount_ajp119-2
2026-09-25 18:00:51,699 INFO  ExportHelperExtension.cs: 1125 - Retrieving features of type [RefAxis] from Camera Mount Bottom v2-1
2026-09-25 18:00:51,699 INFO  ExportHelperExtension.cs: 1136 - Found 67 in Camera Mount Bottom v2-1
2026-09-25 18:00:51,699 INFO  ExportHelperExtension.cs: 1145 - Found 0 features of type [RefAxis] in Camera Mount Bottom v2-1
2026-09-25 18:00:51,699 INFO  ExportHelperExtension.cs: 1125 - Retrieving features of type [RefAxis] from Metal_Bar-5
2026-09-25 18:00:51,699 INFO  ExportHelperExtension.cs: 1136 - Found 29 in Metal_Bar-5
2026-09-25 18:00:51,699 INFO  ExportHelperExtension.cs: 1145 - Found 0 features of type [RefAxis] in Metal_Bar-5
2026-09-25 18:00:51,699 INFO  ExportHelperExtension.cs: 1125 - Retrieving features of type [RefAxis] from backside_L_bracket_rzc_11.9.24-2
2026-09-25 18:00:51,699 INFO  ExportHelperExtension.cs: 1136 - Found 101 in backside_L_bracket_rzc_11.9.24-2
2026-09-25 18:00:51,699 INFO  ExportHelperExtension.cs: 1145 - Found 0 features of type [RefAxis] in backside_L_bracket_rzc_11.9.24-2
2026-09-25 18:00:51,699 INFO  ExportHelperExtension.cs: 1125 - Retrieving features of type [RefAxis] from NEW Camera Mount Top-1
2026-09-25 18:00:51,699 INFO  ExportHelperExtension.cs: 1136 - Found 36 in NEW Camera Mount Top-1
2026-09-25 18:00:51,699 INFO  ExportHelperExtension.cs: 1145 - Found 0 features of type [RefAxis] in NEW Camera Mount Top-1
2026-09-25 18:00:51,699 INFO  ExportHelperExtension.cs: 1125 - Retrieving features of type [RefAxis] from Part1^Full Model Assembly (1)-1
2026-09-25 18:00:51,699 INFO  ExportHelperExtension.cs: 1136 - Found 23 in Part1^Full Model Assembly (1)-1
2026-09-25 18:00:51,699 INFO  ExportHelperExtension.cs: 1145 - Found 0 features of type [RefAxis] in Part1^Full Model Assembly (1)-1
2026-09-25 18:00:51,699 INFO  ExportHelperExtension.cs: 1125 - Retrieving features of type [RefAxis] from Camera Mount Right Angle-1
2026-09-25 18:00:51,699 INFO  ExportHelperExtension.cs: 1136 - Found 71 in Camera Mount Right Angle-1
2026-09-25 18:00:51,699 INFO  ExportHelperExtension.cs: 1145 - Found 0 features of type [RefAxis] in Camera Mount Right Angle-1
2026-09-25 18:00:51,699 INFO  ExportHelperExtension.cs: 1125 - Retrieving features of type [RefAxis] from backside_L_bracket_rzc_11.9.24-1
2026-09-25 18:00:51,699 INFO  ExportHelperExtension.cs: 1136 - Found 101 in backside_L_bracket_rzc_11.9.24-1
2026-09-25 18:00:51,699 INFO  ExportHelperExtension.cs: 1145 - Found 0 features of type [RefAxis] in backside_L_bracket_rzc_11.9.24-1
2026-09-25 18:00:51,699 INFO  ExportHelperExtension.cs: 1125 - Retrieving features of type [RefAxis] from thruster middle mounting assembly mockup-1
2026-09-25 18:00:51,711 INFO  ExportHelperExtension.cs: 1136 - Found 86 in thruster middle mounting assembly mockup-1
2026-09-25 18:00:51,711 INFO  ExportHelperExtension.cs: 1145 - Found 0 features of type [RefAxis] in thruster middle mounting assembly mockup-1
2026-09-25 18:00:51,711 INFO  ExportHelperExtension.cs: 1125 - Retrieving features of type [RefAxis] from NEW Camera Mount Top-2
2026-09-25 18:00:51,711 INFO  ExportHelperExtension.cs: 1136 - Found 36 in NEW Camera Mount Top-2
2026-09-25 18:00:51,711 INFO  ExportHelperExtension.cs: 1145 - Found 0 features of type [RefAxis] in NEW Camera Mount Top-2
2026-09-25 18:00:51,711 INFO  ExportHelperExtension.cs: 1125 - Retrieving features of type [RefAxis] from camera-eHD_3.0_with_WL_STEP_Public-1
2026-09-25 18:00:51,711 INFO  ExportHelperExtension.cs: 1136 - Found 23 in camera-eHD_3.0_with_WL_STEP_Public-1
2026-09-25 18:00:51,711 INFO  ExportHelperExtension.cs: 1145 - Found 0 features of type [RefAxis] in camera-eHD_3.0_with_WL_STEP_Public-1
2026-09-25 18:00:51,711 INFO  ExportHelperExtension.cs: 1125 - Retrieving features of type [RefAxis] from Part2^Full Model Assembly (1)-1
2026-09-25 18:00:51,711 INFO  ExportHelperExtension.cs: 1136 - Found 23 in Part2^Full Model Assembly (1)-1
2026-09-25 18:00:51,711 INFO  ExportHelperExtension.cs: 1145 - Found 0 features of type [RefAxis] in Part2^Full Model Assembly (1)-1
2026-09-25 18:00:51,715 INFO  ExportHelperExtension.cs: 1125 - Retrieving features of type [RefAxis] from camera-eHD_3.0_with_WL_STEP_Public-2
2026-09-25 18:00:51,715 INFO  ExportHelperExtension.cs: 1136 - Found 23 in camera-eHD_3.0_with_WL_STEP_Public-2
2026-09-25 18:00:51,715 INFO  ExportHelperExtension.cs: 1145 - Found 0 features of type [RefAxis] in camera-eHD_3.0_with_WL_STEP_Public-2
2026-09-25 18:00:51,715 INFO  ExportHelperExtension.cs: 1125 - Retrieving features of type [RefAxis] from Power Capsule Assembly-1
2026-09-25 18:00:51,715 INFO  ExportHelperExtension.cs: 1136 - Found 44 in Power Capsule Assembly-1
2026-09-25 18:00:51,715 INFO  ExportHelperExtension.cs: 1145 - Found 0 features of type [RefAxis] in Power Capsule Assembly-1
2026-09-25 18:00:51,715 INFO  ExportHelperExtension.cs: 1125 - Retrieving features of type [RefAxis] from Signal Capsule Assembly-1
2026-09-25 18:00:51,715 INFO  ExportHelperExtension.cs: 1136 - Found 61 in Signal Capsule Assembly-1
2026-09-25 18:00:51,715 INFO  ExportHelperExtension.cs: 1145 - Found 0 features of type [RefAxis] in Signal Capsule Assembly-1
2026-09-25 18:00:51,715 INFO  ExportHelperExtension.cs: 1125 - Retrieving features of type [RefAxis] from Modem Mount-1
2026-09-25 18:00:51,715 INFO  ExportHelperExtension.cs: 1136 - Found 35 in Modem Mount-1
2026-09-25 18:00:51,715 INFO  ExportHelperExtension.cs: 1145 - Found 0 features of type [RefAxis] in Modem Mount-1
2026-09-25 18:00:51,715 INFO  ExportHelperExtension.cs: 1125 - Retrieving features of type [RefAxis] from Pressure_Sensor_9_21_24-1
2026-09-25 18:00:51,715 INFO  ExportHelperExtension.cs: 1136 - Found 36 in Pressure_Sensor_9_21_24-1
2026-09-25 18:00:51,715 INFO  ExportHelperExtension.cs: 1145 - Found 0 features of type [RefAxis] in Pressure_Sensor_9_21_24-1
2026-09-25 18:00:51,715 INFO  ExportHelperExtension.cs: 1125 - Retrieving features of type [RefAxis] from thruster middle mounting assembly mockup - MIRROR-1
2026-09-25 18:00:51,715 INFO  ExportHelperExtension.cs: 1136 - Found 87 in thruster middle mounting assembly mockup - MIRROR-1
2026-09-25 18:00:51,715 INFO  ExportHelperExtension.cs: 1145 - Found 0 features of type [RefAxis] in thruster middle mounting assembly mockup - MIRROR-1
2026-09-25 18:00:51,750 INFO  ExportPropertyManager.cs: 1142 - AfterClose called. This method no longer throws an Exception. It just silently does nothing. Ok, except for this logging message
2026-09-25 18:01:05,485 INFO  AssemblyExportForm.cs: 253 - Completing URDF export
2026-09-25 18:01:05,487 INFO  ConfigurationSerialization.cs: 276 - URDF Configuration found
<Link z:Id="i1" xmlns="http://schemas.datacontract.org/2004/07/SW2URDF" xmlns:i="http://www.w3.org/2001/XMLSchema-instance" xmlns:z="http://schemas.microsoft.com/2003/10/Serialization/"><Attributes><Attribute z:Id="i2"><AttributeType>name</AttributeType><IsRequired>true</IsRequired><Value i:type="a:string" xmlns:a="http://www.w3.org/2001/XMLSchema">base_link</Value></Attribute></Attributes><ChildElements><URDFElement z:Id="i3" i:type="Inertial"><Attributes/><ChildElements><URDFElement z:Id="i4" i:type="Origin"><Attributes><Attribute z:Id="i5"><AttributeType>xyz</AttributeType><IsRequired>true</IsRequired><Value i:type="a:ArrayOfdouble" xmlns:a="http://schemas.microsoft.com/2003/10/Serialization/Arrays"><a:double>-0.022224999999999995</a:double><a:double>0.047338681873306587</a:double><a:double>7.0422199957108511E-07</a:double></Value></Attribute><Attribute z:Id="i6"><AttributeType>rpy</AttributeType><IsRequired>true</IsRequired><Value i:type="a:ArrayOfdouble" xmlns:a="http://schemas.microsoft.com/2003/10/Serialization/Arrays"><a:double>0</a:double><a:double>0</a:double><a:double>0</a:double></Value></Attribute></Attributes><ChildElements/><ElementName>origin</ElementName><required>false</required><RPYAttribute z:Ref="i6"/><XYZAttribute z:Ref="i5"/><isCustomized>false</isCustomized></URDFElement><URDFElement z:Id="i7" i:type="Mass"><Attributes><Attribute z:Id="i8"><AttributeType>value</AttributeType><IsRequired>true</IsRequired><Value i:type="a:double" xmlns:a="http://www.w3.org/2001/XMLSchema">0.12788437377049863</Value></Attribute></Attributes><ChildElements/><ElementName>mass</ElementName><required>false</required><ValueAttribute z:Ref="i8"/></URDFElement><URDFElement z:Id="i9" i:type="Inertia"><Attributes><Attribute z:Id="i10"><AttributeType>ixx</AttributeType><IsRequired>true</IsRequired><Value i:type="a:double" xmlns:a="http://www.w3.org/2001/XMLSchema">0.00027148584925245272</Value></Attribute><Attribute z:Id="i11"><AttributeType>ixy</AttributeType><IsRequired>true</IsRequired><Value i:type="a:double" xmlns:a="http://www.w3.org/2001/XMLSchema">1.4683288976193931E-20</Value></Attribute><Attribute z:Id="i12"><AttributeType>ixz</AttributeType><IsRequired>true</IsRequired><Value i:type="a:double" xmlns:a="http://www.w3.org/2001/XMLSchema">-2.7511802165677195E-13</Value></Attribute><Attribute z:Id="i13"><AttributeType>iyy</AttributeType><IsRequired>true</IsRequired><Value i:type="a:double" xmlns:a="http://www.w3.org/2001/XMLSchema">8.6801431408111191E-05</Value></Attribute><Attribute z:Id="i14"><AttributeType>iyz</AttributeType><IsRequired>true</IsRequired><Value i:type="a:double" xmlns:a="http://www.w3.org/2001/XMLSchema">4.2304703857949662E-09</Value></Attribute><Attribute z:Id="i15"><AttributeType>izz</AttributeType><IsRequired>true</IsRequired><Value i:type="a:double" xmlns:a="http://www.w3.org/2001/XMLSchema">0.00021019783554942215</Value></Attribute></Attributes><ChildElements/><ElementName>inertia</ElementName><required>false</required><IxxAttribute z:Ref="i10"/><IxyAttribute z:Ref="i11"/><IxzAttribute z:Ref="i12"/><IyyAttribute z:Ref="i13"/><IyzAttribute z:Ref="i14"/><IzzAttribute z:Ref="i15"/></URDFElement></ChildElements><ElementName>inertial</ElementName><required>false</required><Inertia z:Ref="i9"/><Mass z:Ref="i7"/><Origin z:Ref="i4"/></URDFElement><URDFElement z:Id="i16" i:type="Visual"><Attributes/><ChildElements><URDFElement z:Id="i17" i:type="Origin"><Attributes><Attribute z:Id="i18"><AttributeType>xyz</AttributeType><IsRequired>true</IsRequired><Value i:type="a:ArrayOfdouble" xmlns:a="http://schemas.microsoft.com/2003/10/Serialization/Arrays"><a:double>0</a:double><a:double>0</a:double><a:double>0</a:double></Value></Attribute><Attribute z:Id="i19"><AttributeType>rpy</AttributeType><IsRequired>true</IsRequired><Value i:type="a:ArrayOfdouble" xmlns:a="http://schemas.microsoft.com/2003/10/Serialization/Arrays"><a:double>0</a:double><a:double>0</a:double><a:double>0</a:double></Value></Attribute></Attributes><ChildElements/><ElementName>origin</ElementName><required>false</required><RPYAttribute z:Ref="i19"/><XYZAttribute z:Ref="i18"/><isCustomized>false</isCustomized></URDFElement><URDFElement z:Id="i20" i:type="Geometry"><Attributes/><ChildElements><URDFElement z:Id="i21" i:type="Mesh"><Attributes><Attribute z:Id="i22"><AttributeType>filename</AttributeType><IsRequired>true</IsRequired><Value i:nil="true"/></Attribute></Attributes><ChildElements/><ElementName>mesh</ElementName><required>false</required><FilenameAttribute z:Ref="i22"/></URDFElement></ChildElements><ElementName>geometry</ElementName><required>true</required><Mesh z:Ref="i21"/></URDFElement><URDFElement z:Id="i23" i:type="Material"><Attributes><Attribute z:Id="i24"><AttributeType>name</AttributeType><IsRequired>true</IsRequired><Value i:type="a:string" xmlns:a="http://www.w3.org/2001/XMLSchema"/></Attribute></Attributes><ChildElements><URDFElement z:Id="i25" i:type="Color"><Attributes><Attribute z:Id="i26"><AttributeType>rgba</AttributeType><IsRequired>true</IsRequired><Value i:type="a:ArrayOfdouble" xmlns:a="http://schemas.microsoft.com/2003/10/Serialization/Arrays"><a:double>0.69803921568627447</a:double><a:double>0.69803921568627447</a:double><a:double>0.69803921568627447</a:double><a:double>1</a:double></Value></Attribute></Attributes><ChildElements/><ElementName>color</ElementName><required>false</required><RGBAAttribute z:Ref="i26"/></URDFElement><URDFElement z:Id="i27" i:type="Texture"><Attributes><Attribute z:Id="i28"><AttributeType>filename</AttributeType><IsRequired>true</IsRequired><Value i:nil="true"/></Attribute></Attributes><ChildElements/><ElementName>texture</ElementName><required>false</required><FilenameAttribute z:Ref="i28"/><wFilename/></URDFElement></ChildElements><ElementName>material</ElementName><required>false</required><Color z:Ref="i25"/><NameAttribute z:Ref="i24"/><Texture z:Ref="i27"/></URDFElement></ChildElements><ElementName>visual</ElementName><required>false</required><Geometry z:Ref="i20"/><Material z:Ref="i23"/><Origin z:Ref="i17"/></URDFElement><URDFElement z:Id="i29" i:type="Collision"><Attributes/><ChildElements><URDFElement z:Id="i30" i:type="Origin"><Attributes><Attribute z:Id="i31"><AttributeType>xyz</AttributeType><IsRequired>true</IsRequired><Value i:type="a:ArrayOfdouble" xmlns:a="http://schemas.microsoft.com/2003/10/Serialization/Arrays"><a:double>0</a:double><a:double>0</a:double><a:double>0</a:double></Value></Attribute><Attribute z:Id="i32"><AttributeType>rpy</AttributeType><IsRequired>true</IsRequired><Value i:type="a:ArrayOfdouble" xmlns:a="http://schemas.microsoft.com/2003/10/Serialization/Arrays"><a:double>0</a:double><a:double>0</a:double><a:double>0</a:double></Value></Attribute></Attributes><ChildElements/><ElementName>origin</ElementName><required>false</required><RPYAttribute z:Ref="i32"/><XYZAttribute z:Ref="i31"/><isCustomized>false</isCustomized></URDFElement><URDFElement z:Id="i33" i:type="Geometry"><Attributes/><ChildElements><URDFElement z:Id="i34" i:type="Mesh"><Attributes><Attribute z:Id="i35"><AttributeType>filename</AttributeType><IsRequired>true</IsRequired><Value i:nil="true"/></Attribute></Attributes><ChildElements/><ElementName>mesh</ElementName><required>false</required><FilenameAttribute z:Ref="i35"/></URDFElement></ChildElements><ElementName>geometry</ElementName><required>true</required><Mesh z:Ref="i34"/></URDFElement></ChildElements><ElementName>collision</ElementName><required>false</required><Geometry z:Ref="i33"/><Origin z:Ref="i30"/></URDFElement><URDFElement z:Id="i36" i:type="Joint"><Attributes><Attribute z:Id="i37"><AttributeType>name</AttributeType><IsRequired>true</IsRequired><Value i:type="a:string" xmlns:a="http://www.w3.org/2001/XMLSchema"/></Attribute><Attribute z:Id="i38"><AttributeType>type</AttributeType><IsRequired>true</IsRequired><Value i:type="a:string" xmlns:a="http://www.w3.org/2001/XMLSchema"/></Attribute></Attributes><ChildElements><URDFElement z:Id="i39" i:type="Origin"><Attributes><Attribute z:Id="i40"><AttributeType>xyz</AttributeType><IsRequired>true</IsRequired><Value i:type="a:ArrayOfdouble" xmlns:a="http://schemas.microsoft.com/2003/10/Serialization/Arrays"><a:double>0</a:double><a:double>0</a:double><a:double>0</a:double></Value></Attribute><Attribute z:Id="i41"><AttributeType>rpy</AttributeType><IsRequired>true</IsRequired><Value i:type="a:ArrayOfdouble" xmlns:a="http://schemas.microsoft.com/2003/10/Serialization/Arrays"><a:double>0</a:double><a:double>0</a:double><a:double>0</a:double></Value></Attribute></Attributes><ChildElements/><ElementName>origin</ElementName><required>false</required><RPYAttribute z:Ref="i41"/><XYZAttribute z:Ref="i40"/><isCustomized>false</isCustomized></URDFElement><URDFElement z:Id="i42" i:type="ParentLink"><Attributes><Attribute z:Id="i43"><AttributeType>link</AttributeType><IsRequired>true</IsRequired><Value i:type="a:string" xmlns:a="http://www.w3.org/2001/XMLSchema"/></Attribute></Attributes><ChildElements/><ElementName>parent</ElementName><required>true</required><NameAttribute z:Ref="i43"/></URDFElement><URDFElement z:Id="i44" i:type="ChildLink"><Attributes><Attribute z:Id="i45"><AttributeType>link</AttributeType><IsRequired>true</IsRequired><Value i:type="a:string" xmlns:a="http://www.w3.org/2001/XMLSchema"/></Attribute></Attributes><ChildElements/><ElementName>child</ElementName><required>true</required><NameAttribute z:Ref="i45"/></URDFElement><URDFElement z:Id="i46" i:type="Axis"><Attributes><Attribute z:Id="i47"><AttributeType>xyz</AttributeType><IsRequired>true</IsRequired><Value i:type="a:ArrayOfdouble" xmlns:a="http://schemas.microsoft.com/2003/10/Serialization/Arrays"><a:double>0</a:double><a:double>0</a:double><a:double>0</a:double></Value></Attribute></Attributes><ChildElements/><ElementName>axis</ElementName><required>false</required><XYZAttribute z:Ref="i47"/></URDFElement><URDFElement z:Id="i48" i:type="Limit"><Attributes><Attribute z:Id="i49"><AttributeType>lower</AttributeType><IsRequired>false</IsRequired><Value i:nil="true"/></Attribute><Attribute z:Id="i50"><AttributeType>upper</AttributeType><IsRequired>false</IsRequired><Value i:nil="true"/></Attribute><Attribute z:Id="i51"><AttributeType>effort</AttributeType><IsRequired>true</IsRequired><Value i:nil="true"/></Attribute><Attribute z:Id="i52"><AttributeType>velocity</AttributeType><IsRequired>true</IsRequired><Value i:nil="true"/></Attribute></Attributes><ChildElements/><ElementName>limit</ElementName><required>false</required><EffortAttribute z:Ref="i51"/><LowerAttribute z:Ref="i49"/><UpperAttribute z:Ref="i50"/><VelocityAttribute z:Ref="i52"/></URDFElement><URDFElement z:Id="i53" i:type="Calibration"><Attributes><Attribute z:Id="i54"><AttributeType>rising</AttributeType><IsRequired>false</IsRequired><Value i:nil="true"/></Attribute><Attribute z:Id="i55"><AttributeType>falling</AttributeType><IsRequired>false</IsRequired><Value i:nil="true"/></Attribute></Attributes><ChildElements/><ElementName>calibration</ElementName><required>false</required><FallingAttribute z:Ref="i55"/><RisingAttribute z:Ref="i54"/></URDFElement><URDFElement z:Id="i56" i:type="Dynamics"><Attributes><Attribute z:Id="i57"><AttributeType>damping</AttributeType><IsRequired>false</IsRequired><Value i:nil="true"/></Attribute><Attribute z:Id="i58"><AttributeType>friction</AttributeType><IsRequired>false</IsRequired><Value i:nil="true"/></Attribute></Attributes><ChildElements/><ElementName>dynamics</ElementName><required>false</required><DampingAttribute z:Ref="i57"/><FrictionAttribute z:Ref="i58"/></URDFElement><URDFElement z:Id="i59" i:type="SafetyController"><Attributes><Attribute z:Id="i60"><AttributeType>soft_upper_limit</AttributeType><IsRequired>false</IsRequired><Value i:nil="true"/></Attribute><Attribute z:Id="i61"><AttributeType>soft_lower_limit</AttributeType><IsRequired>false</IsRequired><Value i:nil="true"/></Attribute><Attribute z:Id="i62"><AttributeType>k_position</AttributeType><IsRequired>false</IsRequired><Value i:nil="true"/></Attribute><Attribute z:Id="i63"><AttributeType>k_velocity</AttributeType><IsRequired>true</IsRequired><Value i:nil="true"/></Attribute></Attributes><ChildElements/><ElementName>safety_controller</ElementName><required>false</required><KPositionAttribute z:Ref="i62"/><KVelocityAttribute z:Ref="i63"/><SoftLowerAttribute z:Ref="i61"/><SoftUpperAttribute z:Ref="i60"/></URDFElement><URDFElement z:Id="i64" i:type="Mimic"><Attributes><Attribute z:Id="i65"><AttributeType>joint</AttributeType><IsRequired>true</IsRequired><Value i:nil="true"/></Attribute><Attribute z:Id="i66"><AttributeType>multiplier</AttributeType><IsRequired>false</IsRequired><Value i:nil="true"/></Attribute><Attribute z:Id="i67"><AttributeType>offset</AttributeType><IsRequired>false</IsRequired><Value i:nil="true"/></Attribute></Attributes><ChildElements/><ElementName>mimic</ElementName><required>false</required><JointNameAttribute z:Ref="i65"/><MultiplierAttribute z:Ref="i66"/><OffsetAttribute z:Ref="i67"/></URDFElement></ChildElements><ElementName>joint</ElementName><required>false</required><Axis z:Ref="i46"/><AxisName/><Calibration z:Ref="i53"/><Child z:Ref="i44"/><CoordinateSystemName>Origin_global</CoordinateSystemName><Dynamics z:Ref="i56"/><Limit z:Ref="i48"/><Mimic z:Ref="i64"/><NameAttribute z:Ref="i37"/><Origin z:Ref="i39"/><Parent z:Ref="i42"/><Safety z:Ref="i59"/><TypeAttribute z:Ref="i38"/></URDFElement></ChildElements><ElementName>link</ElementName><required>true</required><Children/><Collision z:Ref="i29"/><Inertial z:Ref="i3"/><Joint z:Ref="i36"/><NameAttribute z:Ref="i2"/><Parent i:nil="true"/><STLQualityFine>false</STLQualityFine><SWComponentPIDs xmlns:a="http://schemas.microsoft.com/2003/10/Serialization/Arrays"><a:base64Binary>OEoAAAUAAAD//v8AAAAAAA==</a:base64Binary></SWComponentPIDs><SWMainComponentPID i:nil="true"/><Visual z:Ref="i16"/><isFixedFrame>false</isFixedFrame><isIncomplete>false</isIncomplete></Link>
2026-09-25 18:01:24,260 INFO  AssemblyExportForm.cs: 309 - Saving URDF package to C:\Users\vcm\Box\Duke Robotics\Crush (2024)\Full Model Assembly (1)
2026-09-25 18:01:24,262 INFO  ExportHelper.cs: 147 - Beginning the export process
2026-09-25 18:01:24,264 INFO  ExportHelper.cs: 153 - Creating package directories with name Full Model Assembly (1) and save path C:\Users\vcm\Box\Duke Robotics\Crush (2024)
2026-09-25 18:01:26,979 INFO  ExportHelper.cs: 162 - Creating CMakeLists.txt at C:\Users\vcm\Box\Duke Robotics\Crush (2024)\Full Model Assembly (1)\CMakeLists.txt
2026-09-25 18:01:26,996 INFO  ExportHelper.cs: 166 - Creating joint names config at C:\Users\vcm\Box\Duke Robotics\Crush (2024)\Full Model Assembly (1)\config\joint_names_Full Model Assembly (1).yaml
2026-09-25 18:01:27,014 INFO  ExportHelper.cs: 170 - Creating package.xml at C:\Users\vcm\Box\Duke Robotics\Crush (2024)\Full Model Assembly (1)\package.xml
2026-09-25 18:01:27,014 INFO  PackageXMLWriter.cs: 21 - Creating package.xml at C:\Users\vcm\Box\Duke Robotics\Crush (2024)\Full Model Assembly (1)\package.xml
2026-09-25 18:01:27,028 INFO  ExportHelper.cs: 177 - Creating RVIZ launch file in C:\Users\vcm\Box\Duke Robotics\Crush (2024)\Full Model Assembly (1)\launch\
2026-09-25 18:01:27,045 INFO  ExportHelper.cs: 182 - Creating Gazebo launch file in C:\Users\vcm\Box\Duke Robotics\Crush (2024)\Full Model Assembly (1)\launch\
2026-09-25 18:01:27,059 INFO  ExportHelper.cs: 187 - Saving existing STL preferences
2026-09-25 18:01:27,059 INFO  ExportHelper.cs: 450 - Saving users preferences
2026-09-25 18:01:27,061 INFO  ExportHelper.cs: 190 - Modifying STL preferences
2026-09-25 18:01:27,061 INFO  ExportHelper.cs: 464 - Setting STL preferences
2026-09-25 18:01:27,132 INFO  ExportHelper.cs: 196 - Found 4 hidden components Power Capsule Assembly-1/Power Capsule Rail System-2/WTE4-M-LOCKING-FLANGE-SEAL-R1-RP-2/WTE4-M-LOCKING-FLANGE-SEAL-R1-RP.STEP-1/WTE-LOCKING-CORD-2.8MM-R1_WTE4.STEP-1, Power Capsule Assembly-1/Power Capsule Rail System-2/WTE4-M-LOCKING-FLANGE-SEAL-R1-RP-2/WTE4-M-LOCKING-FLANGE-SEAL-R1-RP.STEP-1/WTE-M-LOCKING-CORD-HANDLE-R1.STEP-1, Signal Capsule Assembly-1/Signal Capsule Rail System-1/WTE4-M-LOCKING-FLANGE-SEAL-R1-RP-2/WTE4-M-LOCKING-FLANGE-SEAL-R1-RP.STEP-1/WTE-LOCKING-CORD-2.8MM-R1_WTE4.STEP-1, Signal Capsule Assembly-1/Signal Capsule Rail System-1/WTE4-M-LOCKING-FLANGE-SEAL-R1-RP-2/WTE4-M-LOCKING-FLANGE-SEAL-R1-RP.STEP-1/WTE-M-LOCKING-CORD-HANDLE-R1.STEP-1
2026-09-25 18:01:27,132 INFO  ExportHelper.cs: 197 - Hiding all components
2026-09-25 18:01:27,895 INFO  ExportHelper.cs: 204 - Beginning individual files export
2026-09-25 18:01:27,897 INFO  ExportHelper.cs: 270 - Exporting link: base_link
2026-09-25 18:01:27,897 INFO  ExportHelper.cs: 272 - Link base_link has 0 children
2026-09-25 18:01:27,899 INFO  ExportHelper.cs: 317 - base_link: Exporting STL with coordinate frame Origin_global
2026-09-25 18:01:27,901 INFO  ExportHelper.cs: 322 - base_link: Reference geometry name 
2026-09-25 18:01:28,151 INFO  ExportHelper.cs: 330 - Saving STL to C:\Users\vcm\Box\Duke Robotics\Crush (2024)\Full Model Assembly (1)\meshes\base_link.STL
2026-09-25 18:01:50,665 INFO  ExportHelper.cs: 405 - Removing SW header in STL file
2026-09-25 18:01:50,672 INFO  ExportHelper.cs: 145 - Showing all components except previously hidden components
2026-09-25 18:01:51,579 INFO  ExportHelper.cs: 145 - Resetting STL preferences
2026-09-25 18:01:51,581 INFO  ExportHelper.cs: 478 - Returning STL preferences to user preferences
2026-09-25 18:01:51,581 INFO  ExportHelper.cs: 228 - Writing URDF file to C:\Users\vcm\Box\Duke Robotics\Crush (2024)\Full Model Assembly (1)\urdf\Full Model Assembly (1).urdf
2026-09-25 18:01:51,602 INFO  CSVImportExport.cs: 32 - Writing CSV file C:\Users\vcm\Box\Duke Robotics\Crush (2024)\Full Model Assembly (1)\urdf\Full Model Assembly (1).csv
2026-09-25 18:01:51,625 ERROR CSVImportExport.cs: 130 - The following columns were not written to the CSV: Link.Joint.ChildLink.link,
2026-09-25 18:01:51,630 INFO  ExportHelper.cs: 234 - Copying log file
2026-09-25 18:01:51,637 INFO  ExportHelper.cs: 439 - Copying C:\Users\vcm\sw2urdf_logs\sw2urdf.log to C:\Users\vcm\Box\Duke Robotics\Crush (2024)\Full Model Assembly (1)\export.log
